yontem,yontem_adi,e,pismanlik_ortalama_pph,pismanlik_medyan_pph,pismanlik_en_kotu_kosul_pph,net_ortalama_pph,net_ortalama_yuzde,net_kayipli_kosul_orani,basari_orani,arama_suresi_s,geri_donus_orani,opt_kayma_ortalama_rpm,opt_kayma_mutlak_rpm,opt_limitte_orani
Y1,Sabit 1900,-0.01,0.1179,0.0,2.8842,0.0,0.0,0.0,0.9056,0.0,0.0,36.1301,36.1301,0.7577
Y1,Sabit 1900,-0.005,0.3085,0.0,4.3419,0.0,0.0,0.0,0.8189,0.0,0.0,22.3316,22.3316,0.5918
Y1,Sabit 1900,0.0,0.7037,0.0201,6.0819,0.0,0.0,0.0,0.6658,0.0,0.0,0.0,0.0,0.4592
Y1,Sabit 1900,0.005,1.374,0.3964,8.9036,0.0,0.0,0.0,0.5281,0.0,0.0,-26.7679,26.7679,0.352
Y1,Sabit 1900,0.01,2.366,1.2747,12.2357,0.0,0.0,0.0,0.3622,0.0,0.0,-58.4286,58.4286,0.2449
Y2,Sabit çizelge,-0.01,0.4653,0.2128,4.4948,-0.3474,-0.1044,0.4872,0.5893,0.0,0.0,36.1301,36.1301,0.7577
Y2,Sabit çizelge,-0.005,0.1303,0.0877,1.1794,0.1782,0.0542,0.3036,0.9643,0.0,0.0,22.3316,22.3316,0.5918
Y2,Sabit çizelge,0.0,0.0,0.0,0.0,0.7037,0.2113,0.0,1.0,0.0,0.0,0.0,0.0,0.4592
Y2,Sabit çizelge,0.005,0.1447,0.1356,1.0761,1.2293,0.3668,0.0,0.9745,0.0,0.0,-26.7679,26.7679,0.352
Y2,Sabit çizelge,0.01,0.6111,0.5768,3.3,1.7549,0.5207,0.0,0.4209,0.0,0.0,-58.4286,58.4286,0.2449
Y3,P&O,-0.01,0.1257,0.0959,0.7419,-0.0077,-0.0031,0.8469,0.9612,107.6173,0.2638,36.1301,36.1301,0.7577
Y3,P&O,-0.005,0.1438,0.1016,0.7818,0.1646,0.049,0.7143,0.9577,126.5071,0.2959,22.3316,22.3316,0.5918
Y3,P&O,0.0,0.198,0.1227,0.8498,0.5057,0.1511,0.5561,0.9367,148.9786,0.2908,0.0,0.0,0.4592
Y3,P&O,0.005,0.2726,0.2091,1.4779,1.1015,0.328,0.4107,0.951,174.1959,0.2622,-26.7679,26.7679,0.352
Y3,P&O,0.01,0.4091,0.305,2.0658,1.9569,0.581,0.2628,0.926,199.5857,0.2235,-58.4286,58.4286,0.2449
Y3k,P&O (kontrolsüz),-0.01,0.123,0.1138,0.3995,-0.0051,-0.0026,0.8291,0.9888,90.5847,0.0,36.1301,36.1301,0.7577
Y3k,P&O (kontrolsüz),-0.005,0.1232,0.1099,0.4233,0.1853,0.055,0.6862,0.9893,103.0806,0.0,22.3316,22.3316,0.5918
Y3k,P&O (kontrolsüz),0.0,0.147,0.1229,0.7167,0.5567,0.1661,0.5255,0.9857,118.7337,0.0,0.0,0.0,0.4592
Y3k,P&O (kontrolsüz),0.005,0.1934,0.1422,1.1165,1.1806,0.3516,0.3852,0.9872,137.5041,0.0,-26.7679,26.7679,0.352
Y3k,P&O (kontrolsüz),0.01,0.2835,0.1809,1.5565,2.0826,0.6186,0.25,0.9811,157.5612,0.0,-58.4286,58.4286,0.2449
Y4,Hibrit,-0.01,0.425,0.1998,4.0498,-0.307,-0.0929,0.9337,0.6571,104.0398,0.3112,36.1301,36.1301,0.7577
Y4,Hibrit,-0.005,0.1513,0.1016,1.1115,0.1571,0.0475,0.7577,0.9648,92.8602,0.3388,22.3316,22.3316,0.5918
Y4,Hibrit,0.0,0.0215,0.018,0.0939,0.6822,0.2045,0.4821,1.0,92.7673,0.3469,0.0,0.0,0.4592
Y4,Hibrit,0.005,0.1329,0.1254,0.7606,1.2411,0.3701,0.3699,0.9786,113.7337,0.4781,-26.7679,26.7679,0.352
Y4,Hibrit,0.01,0.334,0.3322,3.1818,2.0321,0.6032,0.2423,0.6821,147.5969,0.398,-58.4286,58.4286,0.2449
Y4k,Hibrit (kontrolsüz),-0.01,0.3427,0.1198,3.9095,-0.2247,-0.0677,0.9082,0.7944,82.5061,0.0,36.1301,36.1301,0.7577
Y4k,Hibrit (kontrolsüz),-0.005,0.1394,0.0861,1.0941,0.169,0.0511,0.7449,0.9347,74.6929,0.0,22.3316,22.3316,0.5918
Y4k,Hibrit (kontrolsüz),0.0,0.0449,0.0371,0.1817,0.6589,0.1974,0.5077,0.9974,74.9449,0.0,0.0,0.0,0.4592
Y4k,Hibrit (kontrolsüz),0.005,0.0894,0.0755,0.5592,1.2847,0.383,0.3622,0.9888,87.401,0.0,-26.7679,26.7679,0.352
Y4k,Hibrit (kontrolsüz),0.01,0.2108,0.1405,3.0245,2.1552,0.6402,0.227,0.8913,111.1459,0.0,-58.4286,58.4286,0.2449
