irtifa_ft,agirlik_lb,sicaklik_C,hiz_kt,hiz_konumu,optimum_limitte,ideal_tasarruf_pph,yakit_1900_pph,net_tasarruf_pph,net_tasarruf_yuzde,net_en_dusuk_pph,net_en_yuksek_pph,basari_orani,yakinsama_s,olcum_sayisi,arama_maliyeti_lb,ideal_tasarruf_yuzde,net_kayip
2000,8750,-54,142,0.0,arada,5.873,336.0,5.4891,1.6337,5.3243,5.5619,1.0,147.6,9.6,-0.1888,1.7479,False
2000,8750,-54,147,0.357,1600,3.5,351.0,2.4551,0.6995,0.0338,3.2731,0.8,106.0,7.0,-0.0639,0.9972,False
2000,8750,-54,152,0.714,arada,2.825,368.625,2.0623,0.5595,1.5346,2.6538,0.2,106.0,7.0,-0.0491,0.7664,False
2000,8750,-54,156,1.0,arada,3.125,384.125,2.9185,0.7598,2.789,3.0049,1.0,99.6,6.6,-0.0662,0.8135,False
2000,8750,-50,143,0.0,arada,4.6825,336.0,4.1341,1.2304,3.8426,4.4353,0.6,134.8,8.8,-0.1312,1.3936,False
2000,8750,-50,148,0.357,arada,2.75,351.7143,2.2828,0.6491,2.127,2.5691,0.4,122.0,8.0,-0.0637,0.7819,False
2000,8750,-50,153,0.714,arada,2.2947,369.625,2.0027,0.5418,1.6404,2.1448,0.8,115.6,7.6,-0.0542,0.6208,False
2000,8750,-50,157,1.0,arada,3.1749,385.125,2.9661,0.7702,2.8831,3.0494,1.0,112.4,7.4,-0.0779,0.8244,False
2000,8750,-40,145,0.0,arada,3.1746,338.0,2.879,0.8518,2.6699,3.0316,1.0,131.6,8.6,-0.0899,0.9392,False
2000,8750,-40,150,0.357,arada,2.0317,354.4286,1.4896,0.4203,0.2723,1.8532,0.8,96.4,6.4,-0.0358,0.5732,False
2000,8750,-40,155,0.714,arada,1.2616,372.25,0.9305,0.25,0.6382,1.2017,0.8,96.4,6.4,-0.022,0.3389,False
2000,8750,-40,159,1.0,arada,1.5278,387.25,1.3671,0.353,1.0921,1.4755,1.0,109.2,7.2,-0.035,0.3945,False
2000,8750,-30,147,0.0,arada,4.2222,342.0,3.9117,1.1438,3.8436,4.0325,1.0,115.6,7.6,-0.1032,1.2346,False
2000,8750,-30,152,0.357,arada,1.5625,357.0,1.2794,0.3584,0.7162,1.4862,0.8,112.4,7.4,-0.0351,0.4377,False
2000,8750,-30,157,0.714,arada,0.635,374.625,0.3533,0.0943,0.0134,0.6011,0.8,74.0,5.0,-0.0076,0.1695,False
2000,8750,-30,161,1.0,arada,1.5417,390.125,1.38,0.3537,1.145,1.4867,1.0,86.8,5.8,-0.027,0.3952,False
2000,8750,-20,149,0.0,arada,1.5,344.0,0.9961,0.2896,0.5886,1.3638,0.8,96.4,6.4,-0.0239,0.436,False
2000,8750,-20,154,0.357,arada,0.5482,359.0,0.4604,0.1282,0.3909,0.5093,1.0,90.0,6.0,-0.0087,0.1527,False
2000,8750,-20,159,0.714,arada,0.4058,376.625,0.2986,0.0793,0.2453,0.375,1.0,90.0,6.0,-0.0054,0.1077,False
2000,8750,-20,163,1.0,arada,0.8281,392.125,0.7271,0.1854,0.7036,0.7692,1.0,83.6,5.6,-0.0131,0.2112,False
2000,8750,-10,151,0.0,arada,0.0741,346.0,0.0408,0.0118,0.0032,0.0659,1.0,61.2,4.2,-0.0003,0.0214,False
2000,8750,-10,156,0.357,arada,0.0771,361.7143,0.0495,0.0137,0.0409,0.0625,1.0,80.4,5.4,0.0006,0.0213,False
2000,8750,-10,161,0.714,arada,0.2222,379.625,0.1608,0.0424,0.0087,0.2081,1.0,70.8,4.8,-0.0026,0.0585,False
2000,8750,-10,165,1.0,arada,0.9531,395.125,0.7815,0.1978,0.5146,0.8865,1.0,90.0,6.0,-0.0153,0.2412,False
2000,8750,0,154,0.0,arada,0.0382,351.0,0.001,0.0003,-0.0238,0.0288,1.0,67.6,4.6,0.001,0.0109,False
2000,8750,0,159,0.385,arada,0.0324,367.6667,-0.1095,-0.0298,-0.4801,0.0292,0.8,70.8,4.8,0.0034,0.0088,True
2000,8750,0,164,0.769,arada,0.1094,386.5,0.0607,0.0157,0.004,0.0909,1.0,74.0,5.0,0.0002,0.0283,False
2000,8750,0,167,1.0,arada,0.3889,398.125,0.2359,0.0592,0.0147,0.3702,1.0,70.8,4.8,-0.0044,0.0977,False
2000,8750,10,155,0.0,arada,0.375,354.0,0.2384,0.0673,0.0119,0.3242,1.0,70.8,4.8,-0.0046,0.1059,False
2000,8750,10,160,0.385,arada,2.1852,370.6667,1.9329,0.5215,1.6064,2.1084,0.8,106.0,7.0,-0.0477,0.5895,False
2000,8750,10,165,0.769,arada,1.8243,387.7778,1.6072,0.4145,1.478,1.7399,1.0,90.0,6.0,-0.0328,0.4704,False
2000,8750,10,168,1.0,arada,1.3819,398.1111,1.1988,0.3011,1.1385,1.3002,1.0,86.8,5.8,-0.0214,0.3471,False
2000,8750,20,157,0.0,arada,0.8103,358.0,0.7127,0.1991,0.6383,0.7689,1.0,93.2,6.2,-0.0145,0.2263,False
2000,8750,20,162,0.385,arada,0.091,373.4,0.0321,0.0086,0.0027,0.0695,1.0,61.2,4.2,0.0003,0.0244,False
2000,8750,20,167,0.769,1900,0.0,388.9,-0.1905,-0.049,-0.4639,-0.0614,1.0,74.0,5.0,0.0077,0.0,True
2000,8750,20,170,1.0,arada,0.1944,400.0,0.0257,0.0064,-0.0013,0.1087,1.0,58.0,4.0,0.0001,0.0486,False
2000,8750,30,159,0.0,1900,0.0,362.0,-0.0456,-0.0126,-0.151,-0.0192,1.0,45.2,3.2,0.0034,0.0,True
2000,8750,30,164,0.714,1900,0.0,376.3333,-0.0356,-0.0094,-0.0356,-0.0356,1.0,42.0,3.0,0.0058,0.0,True
2000,8750,30,166,1.0,1900,0.0,383.0,-0.0636,-0.0166,-0.2058,-0.028,1.0,45.2,3.2,0.0049,0.0,True
4000,8750,-54,143,0.0,1600,4.0,319.0,2.8387,0.8899,1.2162,3.702,0.4,115.6,7.6,-0.0791,1.2539,False
4000,8750,-54,148,0.294,1600,5.0794,336.2222,4.6077,1.3704,4.0708,4.7419,0.8,122.0,8.0,-0.1145,1.5107,False
4000,8750,-54,153,0.588,arada,3.9838,353.6667,3.7646,1.0644,3.7211,3.8092,1.0,112.4,7.4,-0.0964,1.1264,False
4000,8750,-54,158,0.882,arada,3.5,372.0,3.3073,0.8891,3.1611,3.3657,1.0,112.4,7.4,-0.0865,0.9409,False
4000,8750,-54,160,1.0,arada,3.4259,379.3333,3.2225,0.8495,3.1584,3.2837,1.0,106.0,7.0,-0.0782,0.9031,False
4000,8750,-50,143,0.0,arada,4.5556,318.0,4.2182,1.3265,4.0836,4.3475,1.0,125.2,8.2,-0.1225,1.4326,False
4000,8750,-50,148,0.278,arada,3.5655,333.7778,3.3705,1.0098,3.31,3.3856,1.0,118.8,7.8,-0.0912,1.0682,False
4000,8750,-50,153,0.556,arada,4.0286,351.0,3.6694,1.0454,3.3191,3.8447,0.8,109.2,7.2,-0.0932,1.1477,False
4000,8750,-50,158,0.833,arada,3.5833,369.3333,3.0067,0.8141,2.0411,3.4454,0.6,115.6,7.6,-0.0856,0.9702,False
4000,8750,-50,161,1.0,arada,3.4259,380.3333,3.2528,0.8552,3.2063,3.2837,1.0,115.6,7.6,-0.0863,0.9008,False
4000,8750,-40,145,0.0,arada,4.1406,321.0,3.8966,1.2139,3.8439,3.9317,1.0,115.6,7.6,-0.1024,1.2899,False
4000,8750,-40,150,0.278,arada,3.0111,336.3333,2.7033,0.8038,2.5136,2.8921,1.0,106.0,7.0,-0.0666,0.8953,False
4000,8750,-40,155,0.556,arada,3.0,353.0,2.8726,0.8138,2.8542,2.8846,1.0,112.4,7.4,-0.0741,0.8499,False
4000,8750,-40,160,0.833,arada,2.7681,370.7778,2.605,0.7026,2.5771,2.6469,1.0,96.4,6.4,-0.0575,0.7466,False
4000,8750,-40,163,1.0,arada,2.7187,381.4444,2.4385,0.6393,2.1056,2.5914,0.8,102.8,6.8,-0.0574,0.7127,False
4000,8750,-30,148,0.0,arada,1.1562,324.0,0.9758,0.3012,0.8016,1.1098,1.0,96.4,6.4,-0.0229,0.3569,False
4000,8750,-30,153,0.294,arada,2.1759,341.2222,2.0018,0.5867,1.9493,2.0307,1.0,99.6,6.6,-0.0459,0.6377,False
4000,8750,-30,158,0.588,arada,2.8627,358.5556,2.5823,0.7202,2.2974,2.7455,0.8,112.4,7.4,-0.0681,0.7984,False
4000,8750,-30,163,0.882,arada,2.125,376.3333,1.9355,0.5143,1.7653,2.0512,1.0,109.2,7.2,-0.0488,0.5647,False
4000,8750,-30,165,1.0,arada,1.9012,383.4444,1.6699,0.4355,1.3923,1.8099,1.0,112.4,7.4,-0.0434,0.4958,False
4000,8750,-20,149,0.0,arada,3.0,326.0,2.7802,0.8528,2.4588,2.8788,1.0,131.6,8.6,-0.0875,0.9202,False
4000,8750,-20,154,0.278,arada,3.1111,342.0,2.9353,0.8583,2.7512,2.9914,1.0,115.6,7.6,-0.0788,0.9097,False
4000,8750,-20,159,0.556,arada,3.1076,358.0,2.7096,0.7569,1.9456,2.9637,0.8,90.0,6.0,-0.057,0.868,False
4000,8750,-20,164,0.833,arada,1.716,375.7778,1.5407,0.41,1.3513,1.6573,1.0,109.2,7.2,-0.0385,0.4567,False
4000,8750,-20,167,1.0,arada,1.0424,386.4444,0.8721,0.2257,0.5247,0.9878,0.8,96.4,6.4,-0.0193,0.2697,False
4000,8750,-10,152,0.0,1900,0.0,330.0,-0.0901,-0.0273,-0.1908,-0.023,1.0,48.4,3.4,0.0043,0.0,True
4000,8750,-10,157,0.312,arada,0.6602,346.6667,0.4814,0.1389,0.0195,0.6235,0.8,80.4,5.4,-0.01,0.1904,False
4000,8750,-10,162,0.625,arada,2.321,363.5556,2.1273,0.5851,1.7279,2.238,0.8,90.0,6.0,-0.0434,0.6384,False
4000,8750,-10,167,0.938,arada,1.375,381.3333,1.2337,0.3235,1.1805,1.3212,1.0,93.2,6.2,-0.0244,0.3606,False
4000,8750,-10,168,1.0,arada,1.2118,384.8889,1.0048,0.2611,0.6927,1.151,0.8,90.0,6.0,-0.0193,0.3148,False
4000,8750,0,154,0.0,arada,0.0787,333.0,0.0373,0.0112,0.0024,0.0535,1.0,58.0,4.0,-0.0002,0.0236,False
4000,8750,0,159,0.312,arada,0.0932,349.6667,-0.0534,-0.0153,-0.3875,0.0752,1.0,77.2,5.2,0.0024,0.0267,True
4000,8750,0,164,0.625,arada,0.1111,366.5556,0.0631,0.0172,0.004,0.1069,1.0,74.0,5.0,0.0001,0.0303,False
4000,8750,0,169,0.938,arada,0.4136,384.3333,0.2495,0.0649,0.0161,0.388,1.0,70.8,4.8,-0.0042,0.1076,False
4000,8750,0,170,1.0,arada,0.4815,387.8889,0.4319,0.1113,0.3434,0.454,1.0,77.2,5.2,-0.0053,0.1241,False
4000,8750,10,156,0.0,arada,0.4012,337.0,0.3015,0.0895,0.0143,0.3733,1.0,67.6,4.6,-0.0049,0.1191,False
4000,8750,10,161,0.312,1900,0.0,352.5556,-0.1848,-0.0524,-0.3691,-0.0111,1.0,64.4,4.4,0.0059,0.0,True
4000,8750,10,166,0.625,1900,0.0,368.6667,-0.1536,-0.0417,-0.3229,-0.0407,1.0,48.4,3.4,0.0076,0.0,True
4000,8750,10,171,0.938,1900,0.0,387.0,-0.1019,-0.0263,-0.3334,-0.044,1.0,45.2,3.2,0.0077,0.0,True
4000,8750,10,172,1.0,1900,0.0,390.6667,-0.3121,-0.0799,-1.3817,-0.0447,0.8,48.4,3.4,0.0118,0.0,True
4000,8750,20,158,0.0,arada,0.5716,342.0,0.3817,0.1116,0.2081,0.5231,1.0,83.6,5.6,-0.0073,0.1671,False
4000,8750,20,163,0.417,arada,0.1355,356.4444,0.0748,0.021,0.0047,0.1303,1.0,74.0,5.0,0.0002,0.038,False
4000,8750,20,168,0.833,1900,0.0,371.375,-0.0764,-0.0206,-0.1137,-0.0206,1.0,51.6,3.6,0.004,0.0,True
4000,8750,20,170,1.0,1900,0.0,378.125,-0.034,-0.009,-0.034,-0.034,1.0,42.0,3.0,0.0056,0.0,True
4000,8750,30,161,0.0,1900,0.0,347.0,-0.1249,-0.036,-0.4883,-0.0341,1.0,48.4,3.4,0.0066,0.0,True
4000,8750,30,163,1.0,1900,0.0,353.0,-0.0955,-0.0271,-0.1444,-0.0222,1.0,51.6,3.6,0.0043,0.0,True
6000,8750,-54,144,0.0,arada,3.2575,304.0,3.1251,1.028,3.124,3.1293,1.0,109.2,7.2,-0.0776,1.0715,False
6000,8750,-54,149,0.263,arada,4.9011,321.3,4.621,1.4382,4.5993,4.6801,1.0,118.8,7.8,-0.1258,1.5254,False
6000,8750,-54,154,0.526,arada,1.6728,336.8,1.4261,0.4234,1.2712,1.5854,1.0,99.6,6.6,-0.0331,0.4967,False
6000,8750,-54,159,0.789,arada,0.0833,355.3333,0.0296,0.0083,0.003,0.0552,1.0,58.0,4.0,-0.0,0.0234,False
6000,8750,-54,163,1.0,arada,0.0,371.7778,-0.0576,-0.0155,-0.2245,-0.0057,1.0,58.0,4.0,0.0022,0.0,True
6000,8750,-50,144,0.0,arada,6.0813,305.0,5.7828,1.896,5.7807,5.7912,1.0,125.2,8.2,-0.166,1.9939,False
6000,8750,-50,149,0.25,arada,5.5341,319.2,5.1998,1.629,4.9557,5.2969,1.0,125.2,8.2,-0.1525,1.7337,False
6000,8750,-50,154,0.5,arada,2.2289,334.7,1.9844,0.5929,1.7581,2.1158,1.0,112.4,7.4,-0.0534,0.6659,False
6000,8750,-50,159,0.75,arada,0.6667,353.25,0.5494,0.1555,0.3562,0.6406,1.0,90.0,6.0,-0.0111,0.1887,False
6000,8750,-50,164,1.0,arada,1.8472,376.375,1.6505,0.4385,1.3634,1.7818,1.0,96.4,6.4,-0.0371,0.4908,False
6000,8750,-40,146,0.0,arada,1.8607,306.0,1.1853,0.3873,0.5053,1.7305,0.6,102.8,6.8,-0.0299,0.6081,False
6000,8750,-40,151,0.25,arada,1.6869,321.2,1.2868,0.4006,0.6889,1.5344,0.8,118.8,7.8,-0.0385,0.5252,False
6000,8750,-40,156,0.5,arada,0.5656,336.7,0.1262,0.0375,0.0156,0.4346,0.4,51.6,3.6,-0.0038,0.168,False
6000,8750,-40,161,0.75,1900,0.0,354.0,-0.0684,-0.0193,-0.2232,-0.0062,1.0,61.2,4.2,0.0023,0.0,True
6000,8750,-40,166,1.0,1900,0.0,374.0,-0.1141,-0.0305,-0.4598,-0.0134,1.0,51.6,3.6,0.0042,0.0,True
6000,8750,-30,148,0.0,arada,0.7407,308.0,0.6554,0.2128,0.5629,0.7137,1.0,93.2,6.2,-0.014,0.2405,False
6000,8750,-30,153,0.25,arada,0.8716,323.2,0.7627,0.236,0.5151,0.8389,1.0,112.4,7.4,-0.0189,0.2697,False
6000,8750,-30,158,0.5,arada,0.2926,338.7,0.177,0.0523,0.011,0.2788,1.0,77.2,5.2,-0.0028,0.0864,False
6000,8750,-30,163,0.75,1900,0.0,356.0,-0.0805,-0.0226,-0.1226,-0.0141,1.0,80.4,5.4,0.0066,0.0,True
6000,8750,-30,168,1.0,1900,0.0,376.0,-0.0941,-0.025,-0.2143,-0.0094,1.0,77.2,5.2,0.0051,0.0,True
6000,8750,-20,150,0.0,arada,0.763,310.0,0.6692,0.2159,0.616,0.7332,1.0,86.8,5.8,-0.0133,0.2461,False
6000,8750,-20,155,0.25,arada,0.9407,325.4,0.8328,0.2559,0.7539,0.9044,1.0,90.0,6.0,-0.0172,0.2891,False
6000,8750,-20,160,0.5,arada,0.2827,341.4,0.1111,0.0325,0.0107,0.2581,1.0,80.4,5.4,-0.0018,0.0828,False
6000,8750,-20,165,0.75,arada,0.216,358.7778,-0.0163,-0.0045,-0.202,0.1989,1.0,70.8,4.8,0.0015,0.0602,True
6000,8750,-20,170,1.0,arada,1.5139,378.2222,1.3555,0.3584,1.2566,1.4545,1.0,86.8,5.8,-0.0256,0.4003,False
6000,8750,-10,153,0.0,arada,0.9,316.0,0.6108,0.1933,0.0277,0.8553,0.8,86.8,5.8,-0.0142,0.2848,False
6000,8750,-10,158,0.263,arada,0.5625,331.3,0.34,0.1026,0.1833,0.5299,1.0,77.2,5.2,-0.007,0.1698,False
6000,8750,-10,163,0.526,arada,0.0,346.8,-0.1423,-0.041,-0.3866,-0.0506,1.0,90.0,6.0,0.0056,0.0,True
6000,8750,-10,168,0.789,1900,0.0,364.3333,-0.0863,-0.0237,-0.2835,-0.037,1.0,45.2,3.2,0.0065,0.0,True
6000,8750,-10,172,1.0,1900,0.0,379.4444,-0.1603,-0.0423,-0.6256,-0.044,0.8,48.4,3.4,0.0085,0.0,True
6000,8750,0,155,0.0,arada,0.0224,319.0,-0.0381,-0.0119,-0.0993,0.0116,1.0,61.2,4.2,0.0017,0.007,True
6000,8750,0,160,0.263,arada,0.3662,335.6364,0.2717,0.081,0.0138,0.3491,1.0,77.2,5.2,-0.005,0.1091,False
6000,8750,0,165,0.526,arada,0.303,350.1818,0.1464,0.0418,-0.2846,0.279,0.8,90.0,6.0,-0.0005,0.0865,False
6000,8750,0,170,0.789,1900,0.0,367.0,-0.0868,-0.0236,-0.1037,-0.0188,1.0,54.8,3.8,0.0038,0.0,True
6000,8750,0,174,1.0,1900,0.0,381.6667,-0.1302,-0.0341,-0.504,-0.0367,1.0,48.4,3.4,0.0071,0.0,True
6000,8750,10,157,0.0,1900,0.0,322.0,-0.0838,-0.026,-0.2825,-0.0081,1.0,58.0,4.0,0.0035,0.0,True
6000,8750,10,162,0.294,1900,0.0,336.2857,-0.0715,-0.0213,-0.1982,-0.0136,1.0,64.4,4.4,0.0052,0.0,True
6000,8750,10,167,0.588,1900,0.0,351.9,-0.1381,-0.0393,-0.4006,-0.0293,1.0,51.6,3.6,0.006,0.0,True
6000,8750,10,172,0.882,1900,0.0,368.4,-0.1072,-0.0291,-0.2176,-0.0336,1.0,48.4,3.4,0.0062,0.0,True
6000,8750,10,174,1.0,1900,0.0,375.0,-0.0652,-0.0174,-0.0652,-0.0652,1.0,42.0,3.0,0.0106,0.0,True
6000,8750,20,159,0.0,arada,0.0637,328.0,-0.0192,-0.0059,-0.0243,0.0011,1.0,67.6,4.6,0.0021,0.0194,True
6000,8750,20,164,0.556,arada,0.6848,341.3333,0.4867,0.1426,0.0253,0.6502,0.8,83.6,5.6,-0.0102,0.2006,False
6000,8750,20,168,1.0,arada,0.2698,353.8571,0.1836,0.0519,0.0115,0.2589,1.0,70.8,4.8,-0.0019,0.0762,False
8000,8750,-54,144,0.0,arada,4.4074,291.0,4.1637,1.4308,4.0128,4.2081,1.0,141.2,9.2,-0.1391,1.5146,False
8000,8750,-54,149,0.217,arada,2.4126,303.5,1.8046,0.5946,0.0498,2.3012,0.8,96.4,6.4,-0.0477,0.7949,False
8000,8750,-54,154,0.435,arada,1.0297,319.6,0.9334,0.292,0.6912,0.9939,1.0,99.6,6.6,-0.022,0.3222,False
8000,8750,-54,159,0.652,arada,0.4531,336.6,0.1521,0.0452,0.0159,0.2807,1.0,64.4,4.4,-0.0038,0.1346,False
8000,8750,-54,164,0.87,arada,0.5208,359.0,0.2403,0.0669,0.0183,0.4817,0.8,64.4,4.4,-0.0047,0.1451,False
8000,8750,-54,167,1.0,arada,1.1562,373.25,1.0115,0.271,0.9749,1.036,1.0,83.6,5.6,-0.0181,0.3098,False
8000,8750,-50,146,0.0,arada,1.8889,293.0,1.6647,0.5682,1.4185,1.8161,1.0,102.8,6.8,-0.0402,0.6447,False
8000,8750,-50,151,0.227,arada,2.1065,307.0,1.8793,0.6121,1.7495,2.021,1.0,112.4,7.4,-0.0502,0.6862,False
8000,8750,-50,156,0.455,arada,1.4505,324.0,1.317,0.4065,1.1668,1.4001,1.0,109.2,7.2,-0.033,0.4477,False
8000,8750,-50,161,0.682,arada,0.4232,341.0,0.3538,0.1037,0.2768,0.4043,1.0,90.0,6.0,-0.006,0.1241,False
8000,8750,-50,166,0.909,arada,0.9062,364.75,0.7869,0.2157,0.7674,0.8326,1.0,90.0,6.0,-0.015,0.2484,False
8000,8750,-50,168,1.0,arada,1.1562,374.25,0.9993,0.267,0.9749,1.036,1.0,80.4,5.4,-0.0175,0.3089,False
8000,8750,-40,148,0.0,arada,0.5833,295.0,0.4367,0.148,0.243,0.5608,1.0,93.2,6.2,-0.0101,0.1977,False
8000,8750,-40,153,0.227,arada,5.0,312.0,4.677,1.499,4.3495,4.8071,0.8,112.4,7.4,-0.1227,1.6026,False
8000,8750,-40,158,0.455,arada,2.388,327.0,2.2222,0.6796,2.0214,2.3051,1.0,96.4,6.4,-0.0493,0.7303,False
8000,8750,-40,163,0.682,arada,0.1211,342.0,0.0601,0.0176,0.0043,0.0979,1.0,70.8,4.8,0.0007,0.0354,False
8000,8750,-40,168,0.909,1900,0.0,363.1111,-0.125,-0.0344,-0.2925,-0.0221,1.0,54.8,3.8,0.0047,0.0,True
8000,8750,-40,170,1.0,1900,0.0,371.5556,-0.0312,-0.0084,-0.0312,-0.0312,1.0,42.0,3.0,0.0051,0.0,True
8000,8750,-30,149,0.0,arada,0.9506,296.0,0.8175,0.2762,0.643,0.8949,1.0,102.8,6.8,-0.0194,0.3211,False
8000,8750,-30,154,0.217,arada,3.6497,311.0,3.4629,1.1135,3.4307,3.5092,1.0,106.0,7.0,-0.0848,1.1735,False
8000,8750,-30,159,0.435,arada,2.3008,325.5455,2.1018,0.6456,1.6808,2.2202,0.8,93.2,6.2,-0.0452,0.7068,False
8000,8750,-30,164,0.652,arada,0.591,340.0909,0.5,0.147,0.2526,0.5644,1.0,83.6,5.6,-0.0078,0.1738,False
8000,8750,-30,169,0.87,1900,0.0,360.3333,-0.0818,-0.0227,-0.2659,-0.0358,1.0,45.2,3.2,0.0063,0.0,True
8000,8750,-30,172,1.0,1900,0.0,373.3333,-0.1815,-0.0486,-0.3791,-0.0497,1.0,48.4,3.4,0.0093,0.0,True
8000,8750,-20,151,0.0,arada,1.2469,299.0,1.1602,0.388,1.1172,1.2039,1.0,102.8,6.8,-0.0277,0.417,False
8000,8750,-20,156,0.217,arada,0.6667,313.0,0.5664,0.1809,0.3679,0.6292,1.0,93.2,6.2,-0.0114,0.213,False
8000,8750,-20,161,0.435,arada,0.4091,327.5455,0.2397,0.0732,0.0712,0.3777,1.0,80.4,5.4,-0.004,0.1249,False
8000,8750,-20,166,0.652,arada,0.4848,342.0909,0.2599,0.076,0.019,0.4541,1.0,83.6,5.6,-0.0031,0.1417,False
8000,8750,-20,171,0.87,1900,0.0,362.3333,-0.2357,-0.0651,-0.2847,-0.0398,1.0,54.8,3.8,0.0083,0.0,True
8000,8750,-20,174,1.0,1900,0.0,375.3333,-0.0608,-0.0162,-0.0608,-0.0608,1.0,42.0,3.0,0.0099,0.0,True
8000,8750,-10,153,0.0,arada,1.2952,303.0,1.0614,0.3503,0.8272,1.2476,1.0,102.8,6.8,-0.0247,0.4275,False
8000,8750,-10,158,0.217,arada,0.9125,315.0,0.8278,0.2628,0.7727,0.8768,1.0,96.4,6.4,-0.0168,0.2897,False
8000,8750,-10,163,0.435,arada,0.4444,330.0,0.3797,0.1151,0.3151,0.4231,1.0,83.6,5.6,-0.0054,0.1347,False
8000,8750,-10,168,0.652,arada,0.4444,345.0,0.2468,0.0715,-0.2439,0.4139,0.8,90.0,6.0,-0.002,0.1288,False
8000,8750,-10,173,0.87,1900,0.0,364.8889,-0.1151,-0.0316,-0.236,-0.0346,1.0,48.4,3.4,0.0064,0.0,True
8000,8750,-10,176,1.0,1900,0.0,377.5556,-0.0535,-0.0142,-0.0535,-0.0535,1.0,42.0,3.0,0.0087,0.0,True
8000,8750,0,156,0.0,arada,0.006,307.0,-0.0719,-0.0234,-0.1427,-0.0033,1.0,74.0,5.0,0.0035,0.002,True
8000,8750,0,161,0.238,arada,0.5734,322.0,0.4892,0.1519,0.3681,0.5369,1.0,83.6,5.6,-0.0082,0.1781,False
8000,8750,0,166,0.476,arada,1.0269,337.0909,0.9493,0.2816,0.9346,0.9872,1.0,102.8,6.8,-0.0188,0.3046,False
8000,8750,0,171,0.714,arada,0.0003,352.5455,-0.0189,-0.0054,-0.0591,-0.0083,1.0,54.8,3.8,0.0016,0.0001,True
8000,8750,0,176,0.952,1900,0.0,368.0,-0.1685,-0.0458,-0.5503,-0.0731,1.0,45.2,3.2,0.0128,0.0,True
8000,8750,0,177,1.0,1900,0.0,372.8333,-0.0731,-0.0196,-0.0731,-0.0731,1.0,42.0,3.0,0.0119,0.0,True
8000,8750,10,158,0.0,1900,0.0,311.0,-0.0383,-0.0123,-0.1205,-0.0178,1.0,45.2,3.2,0.0031,0.0,True
8000,8750,10,163,0.385,1900,0.0,324.8889,-0.0639,-0.0197,-0.2082,-0.0279,1.0,45.2,3.2,0.0049,0.0,True
8000,8750,10,168,0.769,1900,0.0,339.1111,-0.1243,-0.0367,-0.2577,-0.0355,1.0,48.4,3.4,0.0066,0.0,True
8000,8750,10,171,1.0,1900,0.0,348.4444,-0.0939,-0.027,-0.303,-0.0416,1.0,45.2,3.2,0.0073,0.0,True
8000,8750,20,161,0.0,1900,0.0,316.0,-0.0853,-0.027,-0.2772,-0.0373,1.0,45.2,3.2,0.0065,0.0,True
8000,8750,20,164,1.0,1900,0.0,324.25,-0.203,-0.0626,-0.3106,-0.0416,1.0,51.6,3.6,0.0082,0.0,True
10000,8750,-54,146,0.0,arada,0.4545,281.0,0.0654,0.0233,0.0087,0.2922,1.0,51.6,3.6,-0.0024,0.1617,False
10000,8750,-54,151,0.208,arada,1.156,294.5714,0.9745,0.3308,0.8139,1.0943,1.0,99.6,6.6,-0.0228,0.3924,False
10000,8750,-54,156,0.417,arada,1.9333,311.4,1.7725,0.5692,1.5412,1.8674,1.0,99.6,6.6,-0.0402,0.6208,False
10000,8750,-54,161,0.625,arada,3.1417,330.4,2.8918,0.8752,2.7983,3.0346,1.0,102.8,6.8,-0.0693,0.9509,False
10000,8750,-54,166,0.833,arada,2.0145,349.7,1.8375,0.5254,1.6384,1.9019,1.0,93.2,6.2,-0.0374,0.5761,False
10000,8750,-54,170,1.0,arada,0.4806,365.3,0.2584,0.0707,0.0189,0.4484,1.0,64.4,4.4,-0.004,0.1316,False
10000,8750,-50,147,0.0,arada,1.6,282.0,1.4028,0.4975,1.3423,1.5383,1.0,106.0,7.0,-0.0346,0.5674,False
10000,8750,-50,152,0.208,arada,1.3988,295.5714,1.2125,0.4102,1.1283,1.3501,1.0,112.4,7.4,-0.0322,0.4733,False
10000,8750,-50,157,0.417,arada,1.8375,312.4,1.7133,0.5484,1.5405,1.7737,1.0,106.0,7.0,-0.0412,0.5882,False
10000,8750,-50,162,0.625,arada,3.1031,331.4,2.8004,0.845,2.5042,2.9949,0.8,99.6,6.6,-0.064,0.9364,False
10000,8750,-50,167,0.833,arada,2.7037,351.6667,2.5628,0.7287,2.5004,2.6044,1.0,96.4,6.4,-0.055,0.7688,False
10000,8750,-50,171,1.0,arada,1.691,368.5556,1.5283,0.4147,1.444,1.5753,1.0,93.2,6.2,-0.0311,0.4588,False
10000,8750,-40,149,0.0,arada,1.2444,284.0,1.0746,0.3784,0.9268,1.1999,1.0,90.0,6.0,-0.0228,0.4382,False
10000,8750,-40,154,0.208,arada,1.5222,297.5714,1.3659,0.459,1.2709,1.4657,1.0,106.0,7.0,-0.0319,0.5115,False
10000,8750,-40,159,0.417,arada,0.9585,313.0909,0.8679,0.2772,0.7984,0.9115,1.0,90.0,6.0,-0.0167,0.3061,False
10000,8750,-40,164,0.625,arada,0.7449,329.9091,0.6838,0.2073,0.637,0.6955,1.0,80.4,5.4,-0.0101,0.2258,False
10000,8750,-40,169,0.833,arada,0.026,348.6667,-0.1047,-0.03,-0.276,0.0173,1.0,61.2,4.2,0.0044,0.0075,True
10000,8750,-40,173,1.0,1900,0.0,366.0,-0.2769,-0.0757,-0.8316,-0.0245,0.8,67.6,4.6,0.0108,0.0,True
10000,8750,-30,151,0.0,arada,0.6514,287.0,0.5788,0.2017,0.5352,0.6247,1.0,96.4,6.4,-0.0124,0.227,False
10000,8750,-30,156,0.208,arada,0.8107,299.8571,0.5782,0.1928,0.0255,0.7668,0.8,83.6,5.6,-0.0118,0.2704,False
10000,8750,-30,161,0.417,arada,0.2626,315.0909,0.1493,0.0474,0.01,0.2489,1.0,77.2,5.2,-0.0023,0.0833,False
10000,8750,-30,166,0.625,arada,0.2374,331.9091,0.2038,0.0614,0.1428,0.2279,1.0,77.2,5.2,-0.0021,0.0715,False
10000,8750,-30,171,0.833,1900,0.0,350.6667,-0.0937,-0.0267,-0.2286,-0.0197,1.0,54.8,3.8,0.0041,0.0,True
10000,8750,-30,175,1.0,1900,0.0,368.0,-0.1587,-0.0431,-0.4623,-0.0356,1.0,51.6,3.6,0.0072,0.0,True
10000,8750,-20,153,0.0,arada,1.5679,290.0,1.4492,0.4997,1.2589,1.5172,1.0,109.2,7.2,-0.0346,0.5407,False
10000,8750,-20,158,0.208,arada,1.8765,302.8571,1.7253,0.5697,1.5201,1.8032,1.0,93.2,6.2,-0.0361,0.6196,False
10000,8750,-20,163,0.417,arada,0.3659,317.5455,0.2044,0.0644,0.0143,0.3425,1.0,74.0,5.0,-0.0035,0.1152,False
10000,8750,-20,168,0.625,1900,0.0,333.4545,-0.0452,-0.0136,-0.0452,-0.0452,1.0,42.0,3.0,0.0074,0.0,True
10000,8750,-20,173,0.833,1900,0.0,351.8889,-0.1736,-0.0493,-0.5726,-0.0738,0.8,45.2,3.2,0.0129,0.0,True
10000,8750,-20,177,1.0,1900,0.0,369.6667,-0.0897,-0.0243,-0.2776,-0.0427,1.0,45.2,3.2,0.0074,0.0,True
10000,8750,-10,155,0.0,arada,0.0417,294.0,-0.0068,-0.0023,-0.0566,0.0301,1.0,61.2,4.2,0.0006,0.0142,True
10000,8750,-10,160,0.208,1900,0.0,307.3333,-0.0726,-0.0236,-0.2453,-0.007,1.0,58.0,4.0,0.0031,0.0,True
10000,8750,-10,165,0.417,1900,0.0,320.6667,-0.0566,-0.0176,-0.1374,-0.0099,1.0,67.6,4.6,0.0042,0.0,True
10000,8750,-10,170,0.625,1900,0.0,336.6364,-0.2626,-0.078,-0.5038,-0.0362,1.0,58.0,4.0,0.0082,0.0,True
10000,8750,-10,175,0.833,1900,0.0,354.3636,-0.1127,-0.0318,-0.3622,-0.0503,1.0,45.2,3.2,0.0088,0.0,True
10000,8750,-10,179,1.0,1900,0.0,369.8333,-0.2067,-0.0559,-0.6811,-0.0882,0.8,45.2,3.2,0.0154,0.0,True
10000,8750,0,158,0.0,1900,0.0,298.0,-0.0557,-0.0187,-0.0832,-0.0145,1.0,51.6,3.6,0.0028,0.0,True
10000,8750,0,163,0.312,1900,0.0,311.6364,-0.0523,-0.0168,-0.1637,-0.0244,1.0,45.2,3.2,0.0043,0.0,True
10000,8750,0,168,0.625,1900,0.0,325.2727,-0.0807,-0.0248,-0.1625,-0.0262,1.0,48.4,3.4,0.0048,0.0,True
10000,8750,0,173,0.938,1900,0.0,342.4,-0.0528,-0.0154,-0.0528,-0.0528,1.0,42.0,3.0,0.0086,0.0,True
10000,8750,0,174,1.0,1900,0.0,346.0,-0.0555,-0.016,-0.0555,-0.0555,1.0,42.0,3.0,0.009,0.0,True
10000,8750,10,160,0.0,arada,0.011,303.0,-0.0067,-0.0022,-0.0171,-0.004,1.0,48.4,3.4,0.0007,0.0036,True
10000,8750,10,165,0.714,1900,0.0,314.0,-0.0412,-0.0131,-0.0412,-0.0412,1.0,42.0,3.0,0.0067,0.0,True
10000,8750,10,167,1.0,1900,0.0,319.7143,-0.0439,-0.0137,-0.0439,-0.0439,1.0,42.0,3.0,0.0072,0.0,True
12000,8750,-54,148,0.0,arada,0.5859,273.0,0.4208,0.1541,0.2391,0.5637,1.0,83.6,5.6,-0.0085,0.2146,False
12000,8750,-54,153,0.192,arada,1.0309,287.4444,0.9674,0.3365,0.9338,0.9945,1.0,99.6,6.6,-0.022,0.3586,False
12000,8750,-54,158,0.385,arada,1.1901,302.8,1.0864,0.3588,0.9405,1.1493,1.0,93.2,6.2,-0.0229,0.393,False
12000,8750,-54,163,0.577,arada,0.263,321.8,0.1072,0.0333,0.0101,0.2478,1.0,74.0,5.0,-0.0018,0.0817,False
12000,8750,-54,168,0.769,arada,0.0149,340.9,-0.042,-0.0123,-0.1846,-0.0041,1.0,54.8,3.8,0.0018,0.0044,True
12000,8750,-54,173,0.962,arada,0.167,360.4,0.0759,0.0211,0.0043,0.1218,1.0,77.2,5.2,0.0028,0.0463,False
12000,8750,-54,174,1.0,arada,0.202,364.3,0.0683,0.0187,-0.1145,0.1734,1.0,67.6,4.6,-0.0004,0.0554,False
12000,8750,-50,149,0.0,arada,0.7012,273.0,0.627,0.2297,0.5547,0.6744,1.0,99.6,6.6,-0.0142,0.2568,False
12000,8750,-50,154,0.192,1900,0.0,287.4444,-0.0606,-0.0211,-0.0731,-0.0108,1.0,54.8,3.8,0.0022,0.0,True
12000,8750,-50,159,0.385,1900,0.0,302.9,-0.0697,-0.023,-0.2281,-0.0301,1.0,45.2,3.2,0.0053,0.0,True
12000,8750,-50,164,0.577,1900,0.0,322.4,-0.0286,-0.0089,-0.0414,-0.0095,1.0,51.6,3.6,0.0018,0.0,True
12000,8750,-50,169,0.769,arada,0.0027,341.8,-0.0482,-0.0141,-0.2202,-0.004,1.0,61.2,4.2,0.0025,0.0008,True
12000,8750,-50,174,0.962,arada,0.0471,360.8,-0.0129,-0.0036,-0.0454,-0.0047,1.0,51.6,3.6,0.0022,0.0131,True
12000,8750,-50,175,1.0,arada,0.0559,364.6,-0.1099,-0.0301,-0.2602,-0.0046,1.0,64.4,4.4,0.006,0.0153,True
12000,8750,-40,151,0.0,1900,0.0,276.0,-0.054,-0.0196,-0.2184,-0.0063,1.0,51.6,3.6,0.002,0.0,True
12000,8750,-40,156,0.192,arada,0.4908,291.0,0.365,0.1254,0.0175,0.4701,1.0,77.2,5.2,-0.0064,0.1687,False
12000,8750,-40,161,0.385,arada,0.6861,307.0909,0.3533,0.115,0.0238,0.6587,0.6,77.2,5.2,-0.0085,0.2234,False
12000,8750,-40,166,0.577,arada,0.175,324.8182,0.0642,0.0198,0.0066,0.1384,1.0,67.6,4.6,-0.0002,0.0539,False
12000,8750,-40,171,0.769,1900,0.0,342.9,-0.0194,-0.0057,-0.0194,-0.0194,1.0,42.0,3.0,0.0032,0.0,True
12000,8750,-40,176,0.962,1900,0.0,362.4,-0.0403,-0.0111,-0.0733,-0.0183,1.0,48.4,3.4,0.0033,0.0,True
12000,8750,-40,177,1.0,1900,0.0,366.3,-0.0181,-0.0049,-0.0181,-0.0181,1.0,42.0,3.0,0.003,0.0,True
12000,8750,-30,154,0.0,arada,0.0056,281.0,-0.079,-0.0281,-0.1209,-0.0028,1.0,70.8,4.8,0.0031,0.002,True
12000,8750,-30,159,0.2,arada,0.7083,296.0,0.4898,0.1655,0.2533,0.6809,1.0,93.2,6.2,-0.0108,0.2393,False
12000,8750,-30,164,0.4,arada,0.3384,312.6364,0.2287,0.0732,-0.0325,0.3194,1.0,83.6,5.6,-0.0027,0.1082,False
12000,8750,-30,169,0.6,arada,0.0,330.3636,-0.0162,-0.0049,-0.0411,-0.0073,1.0,58.0,4.0,0.0024,0.0,True
12000,8750,-30,174,0.8,1900,0.0,348.8,-0.2325,-0.0667,-0.8124,-0.0246,0.8,54.8,3.8,0.0076,0.0,True
12000,8750,-30,179,1.0,arada,0.0,368.3,-0.1525,-0.0414,-0.618,-0.0162,0.8,58.0,4.0,0.006,0.0,True
12000,8750,-20,156,0.0,arada,0.691,285.0,0.5775,0.2026,0.4653,0.633,1.0,112.4,7.4,-0.0125,0.2425,False
12000,8750,-20,161,0.217,arada,0.3786,299.6154,0.3237,0.108,0.2772,0.3547,1.0,83.6,5.6,-0.0043,0.1264,False
12000,8750,-20,166,0.435,arada,0.0034,314.2308,-0.0821,-0.0261,-0.3051,-0.0056,1.0,61.2,4.2,0.0043,0.0011,True
12000,8750,-20,171,0.652,1900,0.0,330.0909,-0.1152,-0.0349,-0.2359,-0.0347,1.0,48.4,3.4,0.0064,0.0,True
12000,8750,-20,176,0.87,1900,0.0,347.8182,-0.1619,-0.0465,-0.334,-0.0472,1.0,48.4,3.4,0.0088,0.0,True
12000,8750,-20,179,1.0,1900,0.0,358.4545,-0.2503,-0.0698,-0.5194,-0.0708,1.0,48.4,3.4,0.0132,0.0,True
12000,8750,-10,159,0.0,1900,0.0,288.0,-0.0414,-0.0144,-0.0414,-0.0414,1.0,42.0,3.0,0.0068,0.0,True
12000,8750,-10,164,0.312,1900,0.0,303.0,-0.1322,-0.0436,-0.2737,-0.0378,1.0,48.4,3.4,0.007,0.0,True
12000,8750,-10,169,0.625,1900,0.0,318.0,-0.0508,-0.016,-0.1512,-0.0257,1.0,45.2,3.2,0.0045,0.0,True
12000,8750,-10,174,0.938,1900,0.0,335.1,-0.0762,-0.0227,-0.2332,-0.0369,1.0,45.2,3.2,0.0064,0.0,True
12000,8750,-10,175,1.0,1900,0.0,338.8,-0.0383,-0.0113,-0.0383,-0.0383,1.0,42.0,3.0,0.0063,0.0,True
12000,8750,0,161,0.0,1900,0.0,293.0,-0.1929,-0.0658,-0.4258,-0.0119,1.0,61.2,4.2,0.0059,0.0,True
12000,8750,0,166,0.625,1900,0.0,303.8333,-0.0516,-0.017,-0.1529,-0.0262,1.0,45.2,3.2,0.0046,0.0,True
12000,8750,0,169,1.0,1900,0.0,312.75,-0.0959,-0.0307,-0.3032,-0.044,1.0,45.2,3.2,0.0077,0.0,True
14000,8750,-54,148,0.0,arada,2.1562,262.0,2.0187,0.7705,1.9247,2.0555,1.0,122.0,8.0,-0.057,0.823,False
14000,8750,-54,153,0.167,arada,1.4167,276.5833,1.3024,0.4709,1.1506,1.3683,1.0,106.0,7.0,-0.0315,0.5122,False
14000,8750,-54,158,0.333,arada,1.1059,291.1667,0.9673,0.3322,0.9096,1.0155,1.0,112.4,7.4,-0.023,0.3798,False
14000,8750,-54,163,0.5,arada,0.5126,307.6364,0.3536,0.1149,0.2263,0.4898,1.0,90.0,6.0,-0.0059,0.1666,False
14000,8750,-54,168,0.667,arada,0.3283,325.3636,0.2113,0.0649,0.0135,0.3006,1.0,67.6,4.6,-0.0025,0.1009,False
14000,8750,-54,173,0.833,arada,0.0,344.4,-0.0155,-0.0045,-0.0218,-0.0113,1.0,48.4,3.4,0.002,0.0,True
14000,8750,-54,178,1.0,1900,0.0,365.4,-0.0564,-0.0154,-0.1649,-0.0293,1.0,45.2,3.2,0.0051,0.0,True
14000,8750,-50,150,0.0,arada,0.0107,264.0,-0.064,-0.0242,-0.1499,-0.0034,1.0,80.4,5.4,0.0032,0.0041,True
14000,8750,-50,155,0.172,arada,0.3901,279.4545,0.36,0.1288,0.3352,0.3701,1.0,83.6,5.6,-0.0053,0.1396,False
14000,8750,-50,160,0.345,arada,1.198,294.9091,1.0878,0.3689,0.9762,1.1509,1.0,93.2,6.2,-0.0215,0.4062,False
14000,8750,-50,165,0.517,arada,0.8597,311.8182,0.606,0.1943,0.4657,0.8009,1.0,93.2,6.2,-0.01,0.2757,False
14000,8750,-50,170,0.69,arada,0.5157,329.0909,0.3571,0.1085,0.0203,0.4813,0.8,74.0,5.0,-0.0049,0.1567,False
14000,8750,-50,175,0.862,arada,0.0191,348.6,-0.0165,-0.0047,-0.0454,-0.0092,1.0,48.4,3.4,0.0017,0.0055,True
14000,8750,-50,179,1.0,1900,0.0,365.4,-0.3496,-0.0957,-0.771,-0.0213,0.6,67.6,4.6,0.0132,0.0,True
14000,8750,-40,153,0.0,arada,0.5932,269.0,0.5169,0.1922,0.3758,0.5522,1.0,77.2,5.2,-0.0081,0.2205,False
14000,8750,-40,158,0.179,arada,2.2404,286.0,2.1382,0.7476,2.1044,2.1591,1.0,106.0,7.0,-0.0514,0.7834,False
14000,8750,-40,163,0.357,arada,0.8327,301.0,0.5694,0.1892,0.0291,0.7675,0.8,70.8,4.8,-0.0101,0.2766,False
14000,8750,-40,168,0.536,arada,0.1713,316.0,0.0213,0.0067,-0.0916,0.1635,1.0,74.0,5.0,0.0015,0.0542,False
14000,8750,-40,173,0.714,1900,0.0,334.6,-0.0327,-0.0098,-0.0327,-0.0327,1.0,42.0,3.0,0.0054,0.0,True
14000,8750,-40,178,0.893,1900,0.0,354.1,-0.1796,-0.0507,-0.6944,-0.0509,0.8,48.4,3.4,0.0098,0.0,True
14000,8750,-40,181,1.0,1900,0.0,367.3333,-0.2681,-0.073,-0.7774,-0.0568,0.8,51.6,3.6,0.0116,0.0,True
14000,8750,-30,156,0.0,1900,0.0,273.0,-0.0466,-0.0171,-0.0466,-0.0466,1.0,42.0,3.0,0.0076,0.0,True
14000,8750,-30,161,0.217,1900,0.0,288.0,-0.0474,-0.0165,-0.0474,-0.0474,1.0,42.0,3.0,0.0077,0.0,True
14000,8750,-30,166,0.435,1900,0.0,303.6364,-0.0426,-0.014,-0.0426,-0.0426,1.0,42.0,3.0,0.0069,0.0,True
14000,8750,-30,171,0.652,1900,0.0,321.8182,-0.0431,-0.0134,-0.1276,-0.022,1.0,45.2,3.2,0.0038,0.0,True
14000,8750,-30,176,0.87,arada,0.0,340.0,-0.021,-0.0062,-0.032,-0.0136,1.0,48.4,3.4,0.0024,0.0,True
14000,8750,-30,179,1.0,1900,0.0,351.3333,-0.0642,-0.0183,-0.0642,-0.0642,1.0,42.0,3.0,0.0105,0.0,True
14000,8750,-20,158,0.0,arada,0.4444,278.0,0.2954,0.1063,0.0168,0.4231,1.0,64.4,4.4,-0.0047,0.1599,False
14000,8750,-20,163,0.294,1900,0.0,291.2308,-0.1264,-0.0434,-0.387,-0.0104,1.0,64.4,4.4,0.0041,0.0,True
14000,8750,-20,168,0.588,arada,0.0,306.6154,-0.0434,-0.0142,-0.1475,-0.0115,1.0,54.8,3.8,0.0037,0.0,True
14000,8750,-20,173,0.882,arada,0.0,322.0,-0.0735,-0.0228,-0.1799,-0.0145,1.0,61.2,4.2,0.0051,0.0,True
14000,8750,-20,175,1.0,1900,0.0,329.5,-0.088,-0.0267,-0.2605,-0.0235,1.0,51.6,3.6,0.0047,0.0,True
14000,8750,-10,161,0.0,1900,0.0,281.0,-0.0684,-0.0243,-0.0684,-0.0684,1.0,42.0,3.0,0.0111,0.0,True
14000,8750,-10,166,0.5,1900,0.0,296.7143,-0.2868,-0.0967,-0.44,-0.057,1.0,51.6,3.6,0.0114,0.0,True
14000,8750,-10,171,1.0,1900,0.0,312.0,-0.0755,-0.0242,-0.0755,-0.0755,1.0,42.0,3.0,0.0123,0.0,True
14000,8750,0,164,0.0,1900,0.0,287.0,-0.0563,-0.0196,-0.0563,-0.0563,1.0,42.0,3.0,0.0092,0.0,True
16000,8750,-54,148,0.0,1900,0.0,251.0,-0.08,-0.0319,-0.3136,-0.0216,1.0,48.4,3.4,0.0042,0.0,True
16000,8750,-54,153,0.152,1900,0.0,264.8889,-0.1497,-0.0565,-0.4956,-0.0157,1.0,54.8,3.8,0.0046,0.0,True
16000,8750,-54,158,0.303,1900,0.0,279.0,-0.1689,-0.0605,-0.326,-0.0095,1.0,67.6,4.6,0.0055,0.0,True
16000,8750,-54,163,0.455,1900,0.0,294.0,-0.1452,-0.0494,-0.5138,-0.0154,1.0,54.8,3.8,0.0048,0.0,True
16000,8750,-54,168,0.606,1900,0.0,309.0,-0.0174,-0.0056,-0.0389,-0.0121,1.0,45.2,3.2,0.0021,0.0,True
16000,8750,-54,173,0.758,1900,0.0,327.9,-0.1396,-0.0426,-0.2862,-0.0419,1.0,48.4,3.4,0.0078,0.0,True
16000,8750,-54,178,0.909,1900,0.0,349.4,-0.139,-0.0398,-0.451,-0.061,1.0,45.2,3.2,0.0107,0.0,True
16000,8750,-54,181,1.0,1900,0.0,362.0,-0.1981,-0.0547,-0.6542,-0.0841,0.8,45.2,3.2,0.0147,0.0,True
16000,8750,-50,149,0.0,1900,0.0,252.0,-0.1017,-0.0404,-0.2123,-0.028,1.0,48.4,3.4,0.0052,0.0,True
16000,8750,-50,154,0.152,1900,0.0,265.8889,-0.0545,-0.0205,-0.1715,-0.0119,1.0,54.8,3.8,0.0035,0.0,True
16000,8750,-50,159,0.303,arada,0.0253,280.0,-0.045,-0.0161,-0.1592,-0.0031,1.0,77.2,5.2,0.0042,0.009,True
16000,8750,-50,164,0.455,1900,0.0,295.0,-0.0782,-0.0265,-0.2544,-0.0342,1.0,45.2,3.2,0.006,0.0,True
16000,8750,-50,169,0.606,1900,0.0,310.0,-0.1246,-0.0402,-0.4093,-0.0534,1.0,45.2,3.2,0.0093,0.0,True
16000,8750,-50,174,0.758,1900,0.0,328.9,-0.2815,-0.0856,-0.5901,-0.0758,0.6,48.4,3.4,0.0142,0.0,True
16000,8750,-50,179,0.909,1900,0.0,350.4,-0.2821,-0.0805,-0.4309,-0.059,1.0,51.6,3.6,0.0117,0.0,True
16000,8750,-50,182,1.0,1900,0.0,363.0,-0.1869,-0.0515,-0.614,-0.0801,0.8,45.2,3.2,0.014,0.0,True
16000,8750,-40,152,0.0,arada,0.0,257.0,-0.0147,-0.0057,-0.0451,-0.0071,1.0,54.8,3.8,0.0023,0.0,True
16000,8750,-40,157,0.185,arada,0.0,270.6667,-0.0728,-0.0269,-0.3298,-0.0086,1.0,48.4,3.4,0.003,0.0,True
16000,8750,-40,162,0.37,1900,0.0,284.3333,-0.0933,-0.0328,-0.2724,-0.0214,1.0,51.6,3.6,0.0043,0.0,True
16000,8750,-40,167,0.556,1900,0.0,298.0,-0.1536,-0.0516,-0.3179,-0.0441,1.0,48.4,3.4,0.0082,0.0,True
16000,8750,-40,172,0.741,1900,0.0,316.1818,-0.0711,-0.0225,-0.0711,-0.0711,1.0,42.0,3.0,0.0116,0.0,True
16000,8750,-40,177,0.926,1900,0.0,334.3636,-0.0913,-0.0273,-0.0913,-0.0913,1.0,42.0,3.0,0.0149,0.0,True
16000,8750,-40,179,1.0,1900,0.0,341.8571,-0.253,-0.074,-0.8439,-0.1053,0.8,45.2,3.2,0.0184,0.0,True
16000,8750,-30,155,0.0,1900,0.0,262.0,-0.1285,-0.049,-0.2684,-0.0352,1.0,48.4,3.4,0.0066,0.0,True
16000,8750,-30,160,0.25,1900,0.0,276.1667,-0.1642,-0.0595,-0.3439,-0.0444,1.0,48.4,3.4,0.0083,0.0,True
16000,8750,-30,165,0.5,1900,0.0,290.4286,-0.1232,-0.0424,-0.4069,-0.0522,1.0,45.2,3.2,0.0091,0.0,True
16000,8750,-30,170,0.75,1900,0.0,304.7143,-0.3257,-0.1069,-0.686,-0.0855,0.6,48.4,3.4,0.016,0.0,True
16000,8750,-30,175,1.0,1900,0.0,319.0,-0.143,-0.0448,-0.143,-0.143,1.0,42.0,3.0,0.0232,0.0,True
16000,8750,-20,157,0.0,1900,0.0,266.0,-0.0443,-0.0167,-0.1357,-0.0215,1.0,45.2,3.2,0.0037,0.0,True
16000,8750,-20,162,0.357,arada,0.4337,279.4615,0.3602,0.1289,0.3309,0.4019,1.0,83.6,5.6,-0.004,0.1552,False
16000,8750,-20,167,0.714,1900,0.0,292.9231,-0.0821,-0.028,-0.1649,-0.0268,1.0,48.4,3.4,0.0049,0.0,True
16000,8750,-20,171,1.0,1900,0.0,304.0,-0.074,-0.0243,-0.074,-0.074,1.0,42.0,3.0,0.012,0.0,True
16000,8750,-10,160,0.0,1900,0.0,270.0,-0.0698,-0.0259,-0.0698,-0.0698,1.0,42.0,3.0,0.0114,0.0,True
16000,8750,-10,165,1.0,1900,0.0,284.0909,-0.186,-0.0655,-0.3874,-0.0517,1.0,48.4,3.4,0.0097,0.0,True
18000,8750,-54,150,0.0,1900,0.0,249.0,-0.0658,-0.0264,-0.0994,-0.0154,1.0,51.6,3.6,0.003,0.0,True
18000,8750,-54,155,0.185,1900,0.0,262.0,-0.1474,-0.0562,-0.5665,-0.0176,0.8,51.6,3.6,0.0051,0.0,True
18000,8750,-54,160,0.37,1900,0.0,275.0,-0.1243,-0.0452,-0.4303,-0.0123,1.0,58.0,4.0,0.0042,0.0,True
18000,8750,-54,165,0.556,1900,0.0,289.6429,-0.0822,-0.0284,-0.2634,-0.0369,1.0,45.2,3.2,0.0064,0.0,True
18000,8750,-54,170,0.741,1900,0.0,304.2857,-0.0604,-0.0199,-0.0604,-0.0604,1.0,42.0,3.0,0.0098,0.0,True
18000,8750,-54,175,0.926,1900,0.0,319.8889,-0.1038,-0.0325,-0.1038,-0.1038,1.0,42.0,3.0,0.0169,0.0,True
18000,8750,-54,177,1.0,1900,0.0,327.6667,-0.1082,-0.033,-0.1082,-0.1082,1.0,42.0,3.0,0.0176,0.0,True
18000,8750,-50,151,0.0,1900,0.0,250.0,-0.0525,-0.021,-0.1338,-0.0197,1.0,54.8,3.8,0.0051,0.0,True
18000,8750,-50,156,0.185,1900,0.0,263.0,-0.0194,-0.0074,-0.0541,-0.0107,1.0,45.2,3.2,0.0019,0.0,True
18000,8750,-50,161,0.37,arada,0.1818,276.0,0.072,0.0261,0.0067,0.1661,1.0,67.6,4.6,-0.0007,0.0659,False
18000,8750,-50,166,0.556,arada,0.065,291.7692,0.0058,0.002,-0.1132,0.0582,1.0,70.8,4.8,0.002,0.0223,False
18000,8750,-50,171,0.741,arada,0.0178,307.5385,-0.0637,-0.0207,-0.3198,0.008,1.0,54.8,3.8,0.0031,0.0058,True
18000,8750,-50,176,0.926,1900,0.0,324.0,-0.1833,-0.0566,-0.3801,-0.0521,1.0,48.4,3.4,0.0097,0.0,True
18000,8750,-50,178,1.0,1900,0.0,331.0,-0.1835,-0.0554,-0.6064,-0.0777,0.8,45.2,3.2,0.0136,0.0,True
18000,8750,-40,152,0.0,arada,0.0382,251.0,-0.0238,-0.0095,-0.1066,-0.0014,1.0,58.0,4.0,0.0012,0.0152,True
18000,8750,-40,157,0.227,arada,0.1,264.3125,0.0241,0.0091,-0.0115,0.0714,1.0,67.6,4.6,0.0016,0.0378,False
18000,8750,-40,162,0.455,1900,0.0,276.5,-0.1582,-0.0572,-0.7058,-0.0213,0.8,48.4,3.4,0.0062,0.0,True
18000,8750,-40,167,0.682,1900,0.0,288.6875,-0.0924,-0.032,-0.2955,-0.0416,1.0,45.2,3.2,0.0073,0.0,True
18000,8750,-40,172,0.909,1900,0.0,303.2,-0.0576,-0.019,-0.0576,-0.0576,1.0,42.0,3.0,0.0094,0.0,True
18000,8750,-40,174,1.0,1900,0.0,310.4,-0.1224,-0.0394,-0.3929,-0.0547,1.0,45.2,3.2,0.0096,0.0,True
18000,8750,-30,155,0.0,1900,0.0,256.0,-0.1004,-0.0392,-0.2057,-0.0301,1.0,48.4,3.4,0.0056,0.0,True
18000,8750,-30,160,0.333,1900,0.0,268.2222,-0.0397,-0.0148,-0.116,-0.0206,1.0,45.2,3.2,0.0036,0.0,True
18000,8750,-30,165,0.667,1900,0.0,280.8333,-0.1381,-0.0492,-0.4755,-0.0128,1.0,61.2,4.2,0.0048,0.0,True
18000,8750,-30,170,1.0,1900,0.0,295.0,-0.038,-0.0129,-0.109,-0.0202,1.0,45.2,3.2,0.0035,0.0,True
18000,8750,-20,158,0.0,1900,0.0,260.0,-0.0758,-0.0291,-0.0758,-0.0758,1.0,42.0,3.0,0.0123,0.0,True
18000,8750,-20,163,0.714,1900,0.0,273.0769,-0.1389,-0.0509,-0.458,-0.0591,1.0,45.2,3.2,0.0103,0.0,True
18000,8750,-20,165,1.0,1900,0.0,278.3077,-0.1218,-0.0438,-0.3993,-0.0525,1.0,45.2,3.2,0.0092,0.0,True
20000,8750,-54,154,0.0,1900,0.0,250.0,-0.0963,-0.0385,-0.3152,-0.0416,1.0,45.2,3.2,0.0073,0.0,True
20000,8750,-54,159,0.278,arada,0.1007,265.25,0.053,0.02,0.0028,0.0958,1.0,74.0,5.0,0.0008,0.038,False
20000,8750,-54,164,0.556,arada,0.1349,278.0625,0.051,0.0184,-0.0117,0.1033,1.0,77.2,5.2,0.0016,0.0485,False
20000,8750,-54,169,0.833,1900,0.0,290.875,-0.1395,-0.0479,-0.4588,-0.0596,1.0,45.2,3.2,0.0104,0.0,True
20000,8750,-54,172,1.0,1900,0.0,299.2857,-0.0869,-0.029,-0.0869,-0.0869,1.0,42.0,3.0,0.0141,0.0,True
20000,8750,-50,154,0.0,1900,0.0,251.0,-0.1631,-0.065,-0.3774,-0.0274,1.0,54.8,3.8,0.0059,0.0,True
20000,8750,-50,159,0.278,1900,0.0,262.6875,-0.104,-0.0396,-0.2471,-0.0196,1.0,54.8,3.8,0.0042,0.0,True
20000,8750,-50,164,0.556,arada,0.404,275.5,0.355,0.1289,0.322,0.3744,1.0,93.2,6.2,-0.0046,0.1466,False
20000,8750,-50,169,0.833,1900,0.0,288.3125,-0.0533,-0.0185,-0.0533,-0.0533,1.0,42.0,3.0,0.0087,0.0,True
20000,8750,-50,172,1.0,1900,0.0,296.0,-0.0952,-0.0322,-0.0952,-0.0952,1.0,42.0,3.0,0.0155,0.0,True
20000,8750,-40,157,0.0,1900,0.0,255.0,-0.1891,-0.0742,-0.3949,-0.052,1.0,48.4,3.4,0.0097,0.0,True
20000,8750,-40,162,0.455,1900,0.0,266.6667,-0.0799,-0.03,-0.0799,-0.0799,1.0,42.0,3.0,0.013,0.0,True
20000,8750,-40,167,0.909,1900,0.0,278.8889,-0.0995,-0.0357,-0.0995,-0.0995,1.0,42.0,3.0,0.0162,0.0,True
20000,8750,-40,168,1.0,1900,0.0,281.7778,-0.0967,-0.0343,-0.0967,-0.0967,1.0,42.0,3.0,0.0157,0.0,True
20000,8750,-30,160,0.0,1900,0.0,260.0,-0.0805,-0.031,-0.0805,-0.0805,1.0,42.0,3.0,0.0131,0.0,True
20000,8750,-30,163,1.0,1900,0.0,267.2,-0.0755,-0.0283,-0.0755,-0.0755,1.0,42.0,3.0,0.0123,0.0,True
22000,8300,-54,156,0.0,1900,0.0,240.0,-0.0284,-0.0118,-0.0284,-0.0284,1.0,42.0,3.0,0.0046,0.0,True
22000,8300,-54,161,0.417,arada,0.0951,253.0,0.0013,0.0005,0.0013,0.0013,1.0,42.0,3.0,-0.0002,0.0376,False
22000,8300,-54,166,0.833,1900,0.0,266.2143,-0.0333,-0.0125,-0.0608,-0.015,1.0,48.4,3.4,0.0027,0.0,True
22000,8300,-54,168,1.0,1900,0.0,271.5,-0.0557,-0.0205,-0.1683,-0.0276,1.0,45.2,3.2,0.0048,0.0,True
22000,8300,-50,156,0.0,1900,0.0,241.0,-0.0397,-0.0165,-0.1219,-0.0192,1.0,45.2,3.2,0.0033,0.0,True
22000,8300,-50,161,0.385,1900,0.0,251.0,-0.0458,-0.0182,-0.0458,-0.0458,1.0,42.0,3.0,0.0075,0.0,True
22000,8300,-50,166,0.769,1900,0.0,264.1429,-0.0541,-0.0205,-0.0541,-0.0541,1.0,42.0,3.0,0.0088,0.0,True
22000,8300,-50,169,1.0,1900,0.0,272.5,-0.0573,-0.021,-0.0573,-0.0573,1.0,42.0,3.0,0.0093,0.0,True
22000,8300,-40,159,0.0,1900,0.0,245.0,-0.048,-0.0196,-0.048,-0.048,1.0,42.0,3.0,0.0078,0.0,True
22000,8300,-40,164,1.0,1900,0.0,257.0833,-0.1357,-0.0528,-0.4454,-0.0582,1.0,45.2,3.2,0.0102,0.0,True
24000,7800,-54,157,0.0,1900,0.0,228.0,-0.0745,-0.0327,-0.2182,-0.0177,1.0,51.6,3.6,0.0036,0.0,True
24000,7800,-54,162,0.625,1900,0.0,239.1538,-0.0772,-0.0323,-0.1556,-0.0248,1.0,48.4,3.4,0.0046,0.0,True
24000,7800,-54,165,1.0,1900,0.0,246.3077,-0.1557,-0.0632,-0.3233,-0.044,1.0,48.4,3.4,0.0082,0.0,True
24000,7800,-50,159,0.0,1900,0.0,231.0,-0.0919,-0.0398,-0.1866,-0.0288,1.0,48.4,3.4,0.0053,0.0,True
24000,7800,-50,164,0.714,1900,0.0,243.1429,-0.1311,-0.0539,-0.5082,-0.0368,1.0,48.4,3.4,0.0071,0.0,True
24000,7800,-50,166,1.0,1900,0.0,248.0,-0.0431,-0.0174,-0.0431,-0.0431,1.0,42.0,3.0,0.007,0.0,True
24000,7800,-40,160,0.0,1900,0.0,232.0,-0.1351,-0.0583,-0.2798,-0.0387,1.0,48.4,3.4,0.0072,0.0,True
24000,7800,-40,161,1.0,1900,0.0,234.125,-0.0433,-0.0185,-0.0433,-0.0433,1.0,42.0,3.0,0.0071,0.0,True
