irtifa_ft,agirlik_lb,sicaklik_C,hiz_kt,optimum_devir_rpm
2000,8750,-54,142,1656
2000,8750,-54,147,1600
2000,8750,-54,152,1601
2000,8750,-54,156,1759
2000,8750,-50,143,1657
2000,8750,-50,148,1631
2000,8750,-50,153,1694
2000,8750,-50,157,1767
2000,8750,-40,145,1704
2000,8750,-40,150,1706
2000,8750,-40,155,1734
2000,8750,-40,159,1795
2000,8750,-30,147,1705
2000,8750,-30,152,1712
2000,8750,-30,157,1767
2000,8750,-30,161,1801
2000,8750,-20,149,1675
2000,8750,-20,154,1815
2000,8750,-20,159,1837
2000,8750,-20,163,1822
2000,8750,-10,151,1862
2000,8750,-10,156,1869
2000,8750,-10,161,1853
2000,8750,-10,165,1822
2000,8750,0,154,1877
2000,8750,0,159,1880
2000,8750,0,164,1867
2000,8750,0,167,1846
2000,8750,10,155,1825
2000,8750,10,160,1799
2000,8750,10,165,1815
2000,8750,10,168,1827
2000,8750,20,157,1821
2000,8750,20,162,1872
2000,8750,20,167,1900
2000,8750,20,170,1868
2000,8750,30,159,1900
2000,8750,30,164,1900
2000,8750,30,166,1900
4000,8750,-54,143,1600
4000,8750,-54,148,1600
4000,8750,-54,153,1727
4000,8750,-54,158,1762
4000,8750,-54,160,1771
4000,8750,-50,143,1697
4000,8750,-50,148,1716
4000,8750,-50,153,1736
4000,8750,-50,158,1756
4000,8750,-50,161,1771
4000,8750,-40,145,1716
4000,8750,-40,150,1740
4000,8750,-40,155,1758
4000,8750,-40,160,1775
4000,8750,-40,163,1786
4000,8750,-30,148,1790
4000,8750,-30,153,1772
4000,8750,-30,158,1769
4000,8750,-30,163,1791
4000,8750,-30,165,1799
4000,8750,-20,149,1756
4000,8750,-20,154,1757
4000,8750,-20,159,1774
4000,8750,-20,164,1795
4000,8750,-20,167,1815
4000,8750,-10,152,1900
4000,8750,-10,157,1815
4000,8750,-10,162,1802
4000,8750,-10,167,1824
4000,8750,-10,168,1828
4000,8750,0,154,1871
4000,8750,0,159,1869
4000,8750,0,164,1869
4000,8750,0,169,1853
4000,8750,0,170,1851
4000,8750,10,156,1839
4000,8750,10,161,1900
4000,8750,10,166,1900
4000,8750,10,171,1900
4000,8750,10,172,1900
4000,8750,20,158,1835
4000,8750,20,163,1869
4000,8750,20,168,1900
4000,8750,20,170,1900
4000,8750,30,161,1900
4000,8750,30,163,1900
6000,8750,-54,144,1741
6000,8750,-54,149,1725
6000,8750,-54,154,1782
6000,8750,-54,159,1869
6000,8750,-54,163,1895
6000,8750,-50,144,1714
6000,8750,-50,149,1729
6000,8750,-50,154,1766
6000,8750,-50,159,1821
6000,8750,-50,164,1800
6000,8750,-40,146,1652
6000,8750,-40,151,1685
6000,8750,-40,156,1806
6000,8750,-40,161,1900
6000,8750,-40,166,1900
6000,8750,-30,148,1805
6000,8750,-30,153,1808
6000,8750,-30,158,1846
6000,8750,-30,163,1900
6000,8750,-30,168,1900
6000,8750,-20,150,1812
6000,8750,-20,155,1811
6000,8750,-20,160,1848
6000,8750,-20,165,1858
6000,8750,-20,170,1826
6000,8750,-10,153,1820
6000,8750,-10,158,1826
6000,8750,-10,163,1894
6000,8750,-10,168,1900
6000,8750,-10,172,1900
6000,8750,0,155,1884
6000,8750,0,160,1846
6000,8750,0,165,1858
6000,8750,0,170,1900
6000,8750,0,174,1900
6000,8750,10,157,1900
6000,8750,10,162,1900
6000,8750,10,167,1900
6000,8750,10,172,1900
6000,8750,10,174,1900
6000,8750,20,159,1876
6000,8750,20,164,1843
6000,8750,20,168,1861
8000,8750,-54,144,1727
8000,8750,-54,149,1764
8000,8750,-54,154,1785
8000,8750,-54,159,1837
8000,8750,-54,164,1837
8000,8750,-54,167,1820
8000,8750,-50,146,1754
8000,8750,-50,151,1778
8000,8750,-50,156,1793
8000,8750,-50,161,1842
8000,8750,-50,166,1825
8000,8750,-50,168,1820
8000,8750,-40,148,1791
8000,8750,-40,153,1752
8000,8750,-40,158,1782
8000,8750,-40,163,1868
8000,8750,-40,168,1900
8000,8750,-40,170,1900
8000,8750,-30,149,1803
8000,8750,-30,154,1779
8000,8750,-30,159,1799
8000,8750,-30,164,1842
8000,8750,-30,169,1900
8000,8750,-30,172,1900
8000,8750,-20,151,1796
8000,8750,-20,156,1825
8000,8750,-20,161,1847
8000,8750,-20,166,1853
8000,8750,-20,171,1900
8000,8750,-20,174,1900
8000,8750,-10,153,1805
8000,8750,-10,158,1825
8000,8750,-10,163,1846
8000,8750,-10,168,1855
8000,8750,-10,173,1900
8000,8750,-10,176,1900
8000,8750,0,156,1891
8000,8750,0,161,1840
8000,8750,0,166,1833
8000,8750,0,171,1894
8000,8750,0,176,1900
8000,8750,0,177,1900
8000,8750,10,158,1900
8000,8750,10,163,1900
8000,8750,10,168,1900
8000,8750,10,171,1900
8000,8750,20,161,1900
8000,8750,20,164,1900
10000,8750,-54,146,1750
10000,8750,-54,151,1801
10000,8750,-54,156,1794
10000,8750,-54,161,1794
10000,8750,-54,166,1815
10000,8750,-54,170,1855
10000,8750,-50,147,1753
10000,8750,-50,152,1793
10000,8750,-50,157,1790
10000,8750,-50,162,1793
10000,8750,-50,167,1805
10000,8750,-50,171,1823
10000,8750,-40,149,1802
10000,8750,-40,154,1806
10000,8750,-40,159,1818
10000,8750,-40,164,1840
10000,8750,-40,169,1888
10000,8750,-40,173,1900
10000,8750,-30,151,1818
10000,8750,-30,156,1824
10000,8750,-30,161,1849
10000,8750,-30,166,1861
10000,8750,-30,171,1900
10000,8750,-30,175,1900
10000,8750,-20,153,1810
10000,8750,-20,158,1812
10000,8750,-20,163,1853
10000,8750,-20,168,1900
10000,8750,-20,173,1900
10000,8750,-20,177,1900
10000,8750,-10,155,1875
10000,8750,-10,160,1900
10000,8750,-10,165,1900
10000,8750,-10,170,1900
10000,8750,-10,175,1900
10000,8750,-10,179,1900
10000,8750,0,158,1900
10000,8750,0,163,1900
10000,8750,0,168,1900
10000,8750,0,173,1900
10000,8750,0,174,1900
10000,8750,10,160,1890
10000,8750,10,165,1900
10000,8750,10,167,1900
12000,8750,-54,148,1792
12000,8750,-54,153,1800
12000,8750,-54,158,1809
12000,8750,-54,163,1851
12000,8750,-54,168,1889
12000,8750,-54,173,1873
12000,8750,-54,174,1872
12000,8750,-50,149,1810
12000,8750,-50,154,1900
12000,8750,-50,159,1900
12000,8750,-50,164,1900
12000,8750,-50,169,1893
12000,8750,-50,174,1885
12000,8750,-50,175,1884
12000,8750,-40,151,1900
12000,8750,-40,156,1839
12000,8750,-40,161,1835
12000,8750,-40,166,1865
12000,8750,-40,171,1900
12000,8750,-40,176,1900
12000,8750,-40,177,1900
12000,8750,-30,154,1891
12000,8750,-30,159,1833
12000,8750,-30,164,1851
12000,8750,-30,169,1895
12000,8750,-30,174,1900
12000,8750,-30,179,1898
12000,8750,-20,156,1835
12000,8750,-20,161,1853
12000,8750,-20,166,1893
12000,8750,-20,171,1900
12000,8750,-20,176,1900
12000,8750,-20,179,1900
12000,8750,-10,159,1900
12000,8750,-10,164,1900
12000,8750,-10,169,1900
12000,8750,-10,174,1900
12000,8750,-10,175,1900
12000,8750,0,161,1900
12000,8750,0,166,1900
12000,8750,0,169,1900
14000,8750,-54,148,1782
14000,8750,-54,153,1795
14000,8750,-54,158,1818
14000,8750,-54,163,1842
14000,8750,-54,168,1859
14000,8750,-54,173,1896
14000,8750,-54,178,1900
14000,8750,-50,150,1889
14000,8750,-50,155,1848
14000,8750,-50,160,1827
14000,8750,-50,165,1839
14000,8750,-50,170,1854
14000,8750,-50,175,1891
14000,8750,-50,179,1900
14000,8750,-40,153,1839
14000,8750,-40,158,1804
14000,8750,-40,163,1837
14000,8750,-40,168,1872
14000,8750,-40,173,1900
14000,8750,-40,178,1900
14000,8750,-40,181,1900
14000,8750,-30,156,1900
14000,8750,-30,161,1900
14000,8750,-30,166,1900
14000,8750,-30,171,1900
14000,8750,-30,176,1897
14000,8750,-30,179,1900
14000,8750,-20,158,1846
14000,8750,-20,163,1900
14000,8750,-20,168,1899
14000,8750,-20,173,1897
14000,8750,-20,175,1900
14000,8750,-10,161,1900
14000,8750,-10,166,1900
14000,8750,-10,171,1900
14000,8750,0,164,1900
16000,8750,-54,148,1900
16000,8750,-54,153,1900
16000,8750,-54,158,1900
16000,8750,-54,163,1900
16000,8750,-54,168,1900
16000,8750,-54,173,1900
16000,8750,-54,178,1900
16000,8750,-54,181,1900
16000,8750,-50,149,1900
16000,8750,-50,154,1900
16000,8750,-50,159,1886
16000,8750,-50,164,1900
16000,8750,-50,169,1900
16000,8750,-50,174,1900
16000,8750,-50,179,1900
16000,8750,-50,182,1900
16000,8750,-40,152,1896
16000,8750,-40,157,1897
16000,8750,-40,162,1900
16000,8750,-40,167,1900
16000,8750,-40,172,1900
16000,8750,-40,177,1900
16000,8750,-40,179,1900
16000,8750,-30,155,1900
16000,8750,-30,160,1900
16000,8750,-30,165,1900
16000,8750,-30,170,1900
16000,8750,-30,175,1900
16000,8750,-20,157,1900
16000,8750,-20,162,1856
16000,8750,-20,167,1900
16000,8750,-20,171,1900
16000,8750,-10,160,1900
16000,8750,-10,165,1900
18000,8750,-54,150,1900
18000,8750,-54,155,1900
18000,8750,-54,160,1900
18000,8750,-54,165,1900
18000,8750,-54,170,1900
18000,8750,-54,175,1900
18000,8750,-54,177,1900
18000,8750,-50,151,1900
18000,8750,-50,156,1900
18000,8750,-50,161,1866
18000,8750,-50,166,1880
18000,8750,-50,171,1890
18000,8750,-50,176,1900
18000,8750,-50,178,1900
18000,8750,-40,152,1882
18000,8750,-40,157,1874
18000,8750,-40,162,1900
18000,8750,-40,167,1900
18000,8750,-40,172,1900
18000,8750,-40,174,1900
18000,8750,-30,155,1900
18000,8750,-30,160,1900
18000,8750,-30,165,1900
18000,8750,-30,170,1900
18000,8750,-20,158,1900
18000,8750,-20,163,1900
18000,8750,-20,165,1900
20000,8750,-54,154,1900
20000,8750,-54,159,1872
20000,8750,-54,164,1872
20000,8750,-54,169,1900
20000,8750,-54,172,1900
20000,8750,-50,154,1900
20000,8750,-50,159,1900
20000,8750,-50,164,1859
20000,8750,-50,169,1900
20000,8750,-50,172,1900
20000,8750,-40,157,1900
20000,8750,-40,162,1900
20000,8750,-40,167,1900
20000,8750,-40,168,1900
20000,8750,-30,160,1900
20000,8750,-30,163,1900
22000,8300,-54,156,1900
22000,8300,-54,161,1877
22000,8300,-54,166,1900
22000,8300,-54,168,1900
22000,8300,-50,156,1900
22000,8300,-50,161,1900
22000,8300,-50,166,1900
22000,8300,-50,169,1900
22000,8300,-40,159,1900
22000,8300,-40,164,1900
24000,7800,-54,157,1900
24000,7800,-54,162,1900
24000,7800,-54,165,1900
24000,7800,-50,159,1900
24000,7800,-50,164,1900
24000,7800,-50,166,1900
24000,7800,-40,160,1900
24000,7800,-40,161,1900
