irtifa_ft,agirlik_lb,sicaklik_C,hiz_kt,hiz_alt_kt,hiz_ust_kt,hiz_konumu,ref_devir_rpm,ref_yakit_pph,bulunan_devir_rpm,bulunan_yakit_pph,yakit_farki_pph,yakit_1900_pph,tasarruf_pph,tasarruf_yuzde,olcum_sayisi,optimum_limitte
2000,8750,-54,142,142,156,0.0,1656,330.1239,1650.0,330.127,0.0031,336.0,5.873,1.7479,9,arada
2000,8750,-54,147,142,156,0.357,1600,347.5,1600.0,347.5,0.0,351.0,3.5,0.9972,8,1600
2000,8750,-54,152,142,156,0.714,1601,365.7999,1600.0,365.8,0.0001,368.625,2.825,0.7664,8,arada
2000,8750,-54,156,142,156,1.0,1759,380.9866,1750.0,381.0,0.0134,384.125,3.125,0.8135,7,arada
2000,8750,-50,143,143,157,0.0,1657,331.3136,1650.0,331.3175,0.0039,336.0,4.6825,1.3936,9,arada
2000,8750,-50,148,143,157,0.357,1631,348.9628,1637.5,348.9643,0.0015,351.7143,2.75,0.7819,10,arada
2000,8750,-50,153,143,157,0.714,1694,367.3283,1687.5,367.3303,0.002,369.625,2.2947,0.6208,9,arada
2000,8750,-50,157,143,157,1.0,1767,381.9459,1762.5,381.9501,0.0042,385.125,3.1749,0.8244,9,arada
2000,8750,-40,145,145,159,0.0,1704,334.8242,1700.0,334.8254,0.0012,338.0,3.1746,0.9392,8,arada
2000,8750,-40,150,145,159,0.357,1706,352.395,1700.0,352.3968,0.0019,354.4286,2.0317,0.5732,8,arada
2000,8750,-40,155,145,159,0.714,1734,370.9877,1737.5,370.9884,0.0007,372.25,1.2616,0.3389,8,arada
2000,8750,-40,159,145,159,1.0,1795,385.7187,1800.0,385.7222,0.0035,387.25,1.5278,0.3945,6,arada
2000,8750,-30,147,147,161,0.0,1705,337.775,1700.0,337.7778,0.0028,342.0,4.2222,1.2346,8,arada
2000,8750,-30,152,147,161,0.357,1712,355.4375,1712.5,355.4375,-0.0,357.0,1.5625,0.4377,10,arada
2000,8750,-30,157,147,161,0.714,1767,373.9892,1762.5,373.99,0.0008,374.625,0.635,0.1695,9,arada
2000,8750,-30,161,147,161,1.0,1801,388.5831,1800.0,388.5833,0.0003,390.125,1.5417,0.3952,6,arada
2000,8750,-20,149,149,163,0.0,1675,342.5,1675.0,342.5,0.0,344.0,1.5,0.436,10,arada
2000,8750,-20,154,149,163,0.357,1815,358.4512,1812.5,358.4518,0.0006,359.0,0.5482,0.1527,8,arada
2000,8750,-20,159,149,163,0.714,1837,376.2192,1837.5,376.2192,0.0,376.625,0.4058,0.1078,6,arada
2000,8750,-20,163,149,163,1.0,1822,391.2956,1825.0,391.2969,0.0013,392.125,0.8281,0.2112,7,arada
2000,8750,-10,151,151,165,0.0,1862,345.9167,1850.0,345.9259,0.0092,346.0,0.0741,0.0214,5,arada
2000,8750,-10,156,151,165,0.357,1869,361.6341,1862.5,361.6372,0.003,361.7143,0.0771,0.0213,7,arada
2000,8750,-10,161,151,165,0.714,1853,379.4016,1850.0,379.4028,0.0012,379.625,0.2222,0.0585,5,arada
2000,8750,-10,165,151,165,1.0,1822,394.1708,1825.0,394.1719,0.0011,395.125,0.9531,0.2412,7,arada
2000,8750,0,154,154,167,0.0,1877,350.9615,1875.0,350.9618,0.0003,351.0,0.0382,0.0109,5,arada
2000,8750,0,159,154,167,0.385,1880,367.6326,1875.0,367.6343,0.0017,367.6667,0.0324,0.0088,5,arada
2000,8750,0,164,154,167,0.769,1867,386.3889,1862.5,386.3906,0.0017,386.5,0.1094,0.0283,7,arada
2000,8750,0,167,154,167,1.0,1846,397.7344,1850.0,397.7361,0.0017,398.125,0.3889,0.0977,5,arada
2000,8750,10,155,155,168,0.0,1825,353.625,1825.0,353.625,0.0,354.0,0.375,0.1059,7,arada
2000,8750,10,160,155,168,0.385,1799,368.4813,1800.0,368.4815,0.0002,370.6667,2.1852,0.5895,6,arada
2000,8750,10,165,155,168,0.769,1815,385.9524,1812.5,385.9535,0.0011,387.7778,1.8243,0.4704,8,arada
2000,8750,10,168,155,168,1.0,1827,396.7283,1825.0,396.7292,0.0008,398.1111,1.3819,0.3471,7,arada
2000,8750,20,157,157,170,0.0,1821,357.188,1825.0,357.1897,0.0017,358.0,0.8103,0.2263,7,arada
2000,8750,20,162,157,170,0.385,1872,373.3077,1875.0,373.309,0.0013,373.4,0.091,0.0244,6,arada
2000,8750,20,167,157,170,0.769,1900,388.9,1900.0,388.9,0.0,388.9,0.0,0.0,3,1900
2000,8750,20,170,157,170,1.0,1868,399.7993,1862.5,399.8056,0.0062,400.0,0.1944,0.0486,7,arada
2000,8750,30,159,159,166,0.0,1900,362.0,1900.0,362.0,0.0,362.0,0.0,0.0,3,1900
2000,8750,30,164,159,166,0.714,1900,376.3333,1900.0,376.3333,0.0,376.3333,0.0,0.0,3,1900
2000,8750,30,166,159,166,1.0,1900,383.0,1900.0,383.0,0.0,383.0,0.0,0.0,3,1900
4000,8750,-54,143,143,160,0.0,1600,315.0,1600.0,315.0,0.0,319.0,4.0,1.2539,8,1600
4000,8750,-54,148,143,160,0.294,1600,331.1429,1600.0,331.1429,0.0,336.2222,5.0794,1.5107,8,1600
4000,8750,-54,153,143,160,0.588,1727,349.6821,1725.0,349.6829,0.0008,353.6667,3.9838,1.1264,9,arada
4000,8750,-54,158,143,160,0.882,1762,368.4733,1750.0,368.5,0.0267,372.0,3.5,0.9409,7,arada
4000,8750,-54,160,143,160,1.0,1771,375.9048,1775.0,375.9074,0.0026,379.3333,3.4259,0.9031,8,arada
4000,8750,-50,143,143,161,0.0,1697,313.4438,1700.0,313.4444,0.0007,318.0,4.5556,1.4326,8,arada
4000,8750,-50,148,143,161,0.278,1716,330.211,1712.5,330.2122,0.0012,333.7778,3.5655,1.0682,10,arada
4000,8750,-50,153,143,161,0.556,1736,346.9711,1737.5,346.9714,0.0003,351.0,4.0286,1.1478,8,arada
4000,8750,-50,158,143,161,0.833,1756,365.7429,1750.0,365.75,0.0071,369.3333,3.5833,0.9702,7,arada
4000,8750,-50,161,143,161,1.0,1771,376.9048,1775.0,376.9074,0.0026,380.3333,3.4259,0.9008,8,arada
4000,8750,-40,145,145,163,0.0,1716,316.858,1712.5,316.8594,0.0014,321.0,4.1406,1.2899,10,arada
4000,8750,-40,150,145,163,0.278,1740,333.3215,1737.5,333.3222,0.0007,336.3333,3.0111,0.8953,8,arada
4000,8750,-40,155,145,163,0.556,1758,349.9896,1750.0,350.0,0.0104,353.0,3.0,0.8499,7,arada
4000,8750,-40,160,145,163,0.833,1775,368.0096,1775.0,368.0096,0.0,370.7778,2.7681,0.7466,8,arada
4000,8750,-40,163,145,163,1.0,1786,378.7253,1787.5,378.7257,0.0004,381.4444,2.7187,0.7128,7,arada
4000,8750,-30,148,148,165,0.0,1790,322.843,1787.5,322.8437,0.0008,324.0,1.1562,0.3569,7,arada
4000,8750,-30,153,148,165,0.294,1772,339.0453,1775.0,339.0463,0.001,341.2222,2.1759,0.6377,8,arada
4000,8750,-30,158,148,165,0.588,1769,355.6875,1775.0,355.6929,0.0054,358.5556,2.8627,0.7984,8,arada
4000,8750,-30,163,148,165,0.882,1791,374.2066,1787.5,374.2083,0.0017,376.3333,2.125,0.5647,7,arada
4000,8750,-30,165,148,165,1.0,1799,381.5432,1800.0,381.5432,0.0001,383.4444,1.9012,0.4958,6,arada
4000,8750,-20,149,149,167,0.0,1756,322.9941,1750.0,323.0,0.0059,326.0,3.0,0.9202,7,arada
4000,8750,-20,154,149,167,0.278,1757,338.8818,1750.0,338.8889,0.0071,342.0,3.1111,0.9097,7,arada
4000,8750,-20,159,149,167,0.556,1774,354.892,1775.0,354.8924,0.0004,358.0,3.1076,0.8681,8,arada
4000,8750,-20,164,149,167,0.833,1795,374.0579,1800.0,374.0617,0.0038,375.7778,1.716,0.4567,6,arada
4000,8750,-20,167,149,167,1.0,1815,385.4014,1812.5,385.402,0.0006,386.4444,1.0424,0.2698,8,arada
4000,8750,-10,152,152,168,0.0,1900,330.0,1900.0,330.0,0.0,330.0,0.0,0.0,3,1900
4000,8750,-10,157,152,168,0.312,1815,346.0057,1812.5,346.0065,0.0007,346.6667,0.6602,0.1904,8,arada
4000,8750,-10,162,152,168,0.625,1802,361.2339,1800.0,361.2346,0.0006,363.5556,2.321,0.6384,6,arada
4000,8750,-10,167,152,168,0.938,1824,379.958,1825.0,379.9583,0.0003,381.3333,1.375,0.3606,7,arada
4000,8750,-10,168,152,168,1.0,1828,383.6745,1825.0,383.6771,0.0026,384.8889,1.2118,0.3148,7,arada
4000,8750,0,154,154,170,0.0,1871,332.9199,1875.0,332.9213,0.0014,333.0,0.0787,0.0236,6,arada
4000,8750,0,159,154,170,0.312,1869,349.5699,1875.0,349.5735,0.0036,349.6667,0.0932,0.0266,6,arada
4000,8750,0,164,154,170,0.625,1869,366.4398,1875.0,366.4444,0.0046,366.5556,0.1111,0.0303,6,arada
4000,8750,0,169,154,170,0.938,1853,383.9183,1850.0,383.9198,0.0015,384.3333,0.4136,0.1076,5,arada
4000,8750,0,170,154,170,1.0,1851,387.4072,1850.0,387.4074,0.0002,387.8889,0.4815,0.1241,5,arada
4000,8750,10,156,156,172,0.0,1839,336.5986,1837.5,336.5988,0.0002,337.0,0.4012,0.1191,6,arada
4000,8750,10,161,156,172,0.312,1900,352.5556,1900.0,352.5556,0.0,352.5556,0.0,0.0,3,1900
4000,8750,10,166,156,172,0.625,1900,368.6667,1900.0,368.6667,0.0,368.6667,0.0,0.0,3,1900
4000,8750,10,171,156,172,0.938,1900,387.0,1900.0,387.0,0.0,387.0,0.0,0.0,3,1900
4000,8750,10,172,156,172,1.0,1900,390.6667,1900.0,390.6667,0.0,390.6667,0.0,0.0,3,1900
4000,8750,20,158,158,170,0.0,1835,341.4275,1837.5,341.4284,0.0009,342.0,0.5716,0.1671,6,arada
4000,8750,20,163,158,170,0.417,1869,356.3039,1875.0,356.309,0.0051,356.4444,0.1355,0.038,6,arada
4000,8750,20,168,158,170,0.833,1900,371.375,1900.0,371.375,0.0,371.375,0.0,0.0,3,1900
4000,8750,20,170,158,170,1.0,1900,378.125,1900.0,378.125,0.0,378.125,0.0,0.0,3,1900
4000,8750,30,161,161,163,0.0,1900,347.0,1900.0,347.0,0.0,347.0,0.0,0.0,3,1900
4000,8750,30,163,161,163,1.0,1900,353.0,1900.0,353.0,0.0,353.0,0.0,0.0,3,1900
6000,8750,-54,144,144,163,0.0,1741,300.7405,1737.5,300.7425,0.002,304.0,3.2575,1.0716,8,arada
6000,8750,-54,149,144,163,0.263,1725,316.3989,1725.0,316.3989,0.0,321.3,4.9011,1.5254,9,arada
6000,8750,-54,154,144,163,0.526,1782,335.124,1787.5,335.1272,0.0033,336.8,1.6728,0.4967,7,arada
6000,8750,-54,159,144,163,0.789,1869,355.2465,1875.0,355.25,0.0035,355.3333,0.0833,0.0235,6,arada
6000,8750,-54,163,144,163,1.0,1895,371.7749,1900.0,371.7778,0.0029,371.7778,0.0,0.0,3,arada
6000,8750,-50,144,144,164,0.0,1714,298.9181,1712.5,298.9187,0.0006,305.0,6.0813,1.9939,10,arada
6000,8750,-50,149,144,164,0.25,1729,313.6635,1725.0,313.6659,0.0024,319.2,5.5341,1.7337,9,arada
6000,8750,-50,154,144,164,0.5,1766,332.4699,1762.5,332.4711,0.0012,334.7,2.2289,0.6659,9,arada
6000,8750,-50,159,144,164,0.75,1821,352.5817,1825.0,352.5833,0.0016,353.25,0.6667,0.1887,7,arada
6000,8750,-50,164,144,164,1.0,1800,374.5278,1800.0,374.5278,0.0,376.375,1.8472,0.4908,6,arada
6000,8750,-40,146,146,166,0.0,1652,304.1392,1650.0,304.1393,0.0002,306.0,1.8607,0.6081,9,arada
6000,8750,-40,151,146,166,0.25,1685,319.5129,1687.5,319.5131,0.0002,321.2,1.6869,0.5252,9,arada
6000,8750,-40,156,146,166,0.5,1806,336.1321,1800.0,336.1344,0.0023,336.7,0.5656,0.168,6,arada
6000,8750,-40,161,146,166,0.75,1900,354.0,1900.0,354.0,0.0,354.0,0.0,0.0,3,1900
6000,8750,-40,166,146,166,1.0,1900,374.0,1900.0,374.0,0.0,374.0,0.0,0.0,3,1900
6000,8750,-30,148,148,168,0.0,1805,307.2576,1800.0,307.2593,0.0017,308.0,0.7407,0.2405,6,arada
6000,8750,-30,153,148,168,0.25,1808,322.3222,1800.0,322.3284,0.0062,323.2,0.8716,0.2697,6,arada
6000,8750,-30,158,148,168,0.5,1846,338.4058,1850.0,338.4074,0.0016,338.7,0.2926,0.0864,5,arada
6000,8750,-30,163,148,168,0.75,1900,356.0,1900.0,356.0,0.0,356.0,0.0,0.0,3,1900
6000,8750,-30,168,148,168,1.0,1900,376.0,1900.0,376.0,0.0,376.0,0.0,0.0,3,1900
6000,8750,-20,150,150,170,0.0,1812,309.2238,1800.0,309.237,0.0133,310.0,0.763,0.2461,6,arada
6000,8750,-20,155,150,170,0.25,1811,324.4453,1800.0,324.4593,0.014,325.4,0.9407,0.2891,6,arada
6000,8750,-20,160,150,170,0.5,1848,341.1168,1850.0,341.1173,0.0005,341.4,0.2827,0.0828,5,arada
6000,8750,-20,165,150,170,0.75,1858,358.5544,1850.0,358.5617,0.0073,358.7778,0.216,0.0602,5,arada
6000,8750,-20,170,150,170,1.0,1826,376.7079,1825.0,376.7083,0.0005,378.2222,1.5139,0.4003,7,arada
6000,8750,-10,153,153,172,0.0,1820,315.0969,1825.0,315.1,0.0031,316.0,0.9,0.2848,7,arada
6000,8750,-10,158,153,172,0.263,1826,330.7374,1825.0,330.7375,0.0001,331.3,0.5625,0.1698,7,arada
6000,8750,-10,163,153,172,0.526,1894,346.797,1900.0,346.8,0.003,346.8,0.0,0.0,3,arada
6000,8750,-10,168,153,172,0.789,1900,364.3333,1900.0,364.3333,0.0,364.3333,0.0,0.0,3,1900
6000,8750,-10,172,153,172,1.0,1900,379.4444,1900.0,379.4444,0.0,379.4444,0.0,0.0,3,1900
6000,8750,0,155,155,174,0.0,1884,318.9766,1887.5,318.9776,0.001,319.0,0.0224,0.007,4,arada
6000,8750,0,160,155,174,0.263,1846,335.2677,1850.0,335.2702,0.0025,335.6364,0.3662,0.1091,5,arada
6000,8750,0,165,155,174,0.526,1858,349.8684,1850.0,349.8788,0.0104,350.1818,0.303,0.0865,5,arada
6000,8750,0,170,155,174,0.789,1900,367.0,1900.0,367.0,0.0,367.0,0.0,0.0,3,1900
6000,8750,0,174,155,174,1.0,1900,381.6667,1900.0,381.6667,0.0,381.6667,0.0,0.0,3,1900
6000,8750,10,157,157,174,0.0,1900,322.0,1900.0,322.0,0.0,322.0,0.0,0.0,3,1900
6000,8750,10,162,157,174,0.294,1900,336.2857,1900.0,336.2857,0.0,336.2857,0.0,0.0,3,1900
6000,8750,10,167,157,174,0.588,1900,351.9,1900.0,351.9,0.0,351.9,0.0,0.0,3,1900
6000,8750,10,172,157,174,0.882,1900,368.4,1900.0,368.4,0.0,368.4,0.0,0.0,3,1900
6000,8750,10,174,157,174,1.0,1900,375.0,1900.0,375.0,0.0,375.0,0.0,0.0,3,1900
6000,8750,20,159,159,168,0.0,1876,327.9363,1875.0,327.9363,0.0001,328.0,0.0637,0.0194,5,arada
6000,8750,20,164,159,168,0.556,1843,340.643,1837.5,340.6485,0.0055,341.3333,0.6848,0.2006,6,arada
6000,8750,20,168,159,168,1.0,1861,353.5622,1850.0,353.5873,0.0251,353.8571,0.2698,0.0763,5,arada
8000,8750,-54,144,144,167,0.0,1727,286.5917,1725.0,286.5926,0.0009,291.0,4.4074,1.5146,9,arada
8000,8750,-54,149,144,167,0.217,1764,301.0873,1762.5,301.0874,0.0001,303.5,2.4126,0.7949,9,arada
8000,8750,-54,154,144,167,0.435,1785,318.5699,1787.5,318.5703,0.0004,319.6,1.0297,0.3222,7,arada
8000,8750,-54,159,144,167,0.652,1837,336.1468,1837.5,336.1469,0.0001,336.6,0.4531,0.1346,6,arada
8000,8750,-54,164,144,167,0.87,1837,358.4792,1837.5,358.4792,-0.0,359.0,0.5208,0.1451,6,arada
8000,8750,-54,167,144,167,1.0,1820,372.09,1825.0,372.0937,0.0037,373.25,1.1562,0.3098,7,arada
8000,8750,-50,146,146,168,0.0,1754,291.1096,1750.0,291.1111,0.0015,293.0,1.8889,0.6447,7,arada
8000,8750,-50,151,146,168,0.227,1778,304.8926,1775.0,304.8935,0.001,307.0,2.1065,0.6862,8,arada
8000,8750,-50,156,146,168,0.455,1793,322.5459,1787.5,322.5495,0.0036,324.0,1.4505,0.4477,7,arada
8000,8750,-50,161,146,168,0.682,1842,340.5747,1837.5,340.5768,0.0022,341.0,0.4232,0.1241,6,arada
8000,8750,-50,166,146,168,0.909,1825,363.8437,1825.0,363.8437,0.0,364.75,0.9062,0.2485,7,arada
8000,8750,-50,168,146,168,1.0,1820,373.09,1825.0,373.0937,0.0037,374.25,1.1562,0.309,7,arada
8000,8750,-40,148,148,170,0.0,1791,294.416,1787.5,294.4167,0.0007,295.0,0.5833,0.1977,7,arada
8000,8750,-40,153,148,170,0.227,1752,306.9987,1750.0,307.0,0.0013,312.0,5.0,1.6026,7,arada
8000,8750,-40,158,148,170,0.455,1782,324.6062,1787.5,324.612,0.0058,327.0,2.388,0.7303,7,arada
8000,8750,-40,163,148,170,0.682,1868,341.8747,1862.5,341.8789,0.0042,342.0,0.1211,0.0354,7,arada
8000,8750,-40,168,148,170,0.909,1900,363.1111,1900.0,363.1111,0.0,363.1111,0.0,0.0,3,1900
8000,8750,-40,170,148,170,1.0,1900,371.5556,1900.0,371.5556,0.0,371.5556,0.0,0.0,3,1900
8000,8750,-30,149,149,172,0.0,1803,295.0484,1800.0,295.0494,0.0009,296.0,0.9506,0.3212,6,arada
8000,8750,-30,154,149,172,0.217,1779,307.3464,1775.0,307.3503,0.0039,311.0,3.6497,1.1735,8,arada
8000,8750,-30,159,149,172,0.435,1799,323.2443,1800.0,323.2447,0.0003,325.5455,2.3008,0.7067,6,arada
8000,8750,-30,164,149,172,0.652,1842,339.4962,1837.5,339.4999,0.0037,340.0909,0.591,0.1738,6,arada
8000,8750,-30,169,149,172,0.87,1900,360.3333,1900.0,360.3333,0.0,360.3333,0.0,0.0,3,1900
8000,8750,-30,172,149,172,1.0,1900,373.3333,1900.0,373.3333,0.0,373.3333,0.0,0.0,3,1900
8000,8750,-20,151,151,174,0.0,1796,297.7515,1800.0,297.7531,0.0016,299.0,1.2469,0.417,6,arada
8000,8750,-20,156,151,174,0.217,1825,312.3333,1825.0,312.3333,0.0,313.0,0.6667,0.213,7,arada
8000,8750,-20,161,151,174,0.435,1847,327.1349,1850.0,327.1364,0.0014,327.5455,0.4091,0.1249,5,arada
8000,8750,-20,166,151,174,0.652,1853,341.6035,1850.0,341.6061,0.0025,342.0909,0.4848,0.1417,5,arada
8000,8750,-20,171,151,174,0.87,1900,362.3333,1900.0,362.3333,0.0,362.3333,0.0,0.0,3,1900
8000,8750,-20,174,151,174,1.0,1900,375.3333,1900.0,375.3333,0.0,375.3333,0.0,0.0,3,1900
8000,8750,-10,153,153,176,0.0,1805,301.7008,1800.0,301.7048,0.004,303.0,1.2952,0.4275,6,arada
8000,8750,-10,158,153,176,0.217,1825,314.0875,1825.0,314.0875,0.0,315.0,0.9125,0.2897,7,arada
8000,8750,-10,163,153,176,0.435,1846,329.5536,1850.0,329.5556,0.002,330.0,0.4444,0.1347,5,arada
8000,8750,-10,168,153,176,0.652,1855,344.55,1850.0,344.5556,0.0056,345.0,0.4444,0.1288,5,arada
8000,8750,-10,173,153,176,0.87,1900,364.8889,1900.0,364.8889,0.0,364.8889,0.0,0.0,3,1900
8000,8750,-10,176,153,176,1.0,1900,377.5556,1900.0,377.5556,0.0,377.5556,0.0,0.0,3,1900
8000,8750,0,156,156,177,0.0,1891,306.9931,1887.5,306.994,0.0009,307.0,0.006,0.002,4,arada
8000,8750,0,161,156,177,0.238,1840,321.4255,1837.5,321.4266,0.0011,322.0,0.5734,0.1781,6,arada
8000,8750,0,166,156,177,0.476,1833,336.0599,1837.5,336.064,0.0041,337.0909,1.0269,0.3046,6,arada
8000,8750,0,171,156,177,0.714,1894,352.5388,1887.5,352.5451,0.0064,352.5455,0.0003,0.0001,4,arada
8000,8750,0,176,156,177,0.952,1900,368.0,1900.0,368.0,0.0,368.0,0.0,0.0,3,1900
8000,8750,0,177,156,177,1.0,1900,372.8333,1900.0,372.8333,0.0,372.8333,0.0,0.0,3,1900
8000,8750,10,158,158,171,0.0,1900,311.0,1900.0,311.0,0.0,311.0,0.0,0.0,3,1900
8000,8750,10,163,158,171,0.385,1900,324.8889,1900.0,324.8889,0.0,324.8889,0.0,0.0,3,1900
8000,8750,10,168,158,171,0.769,1900,339.1111,1900.0,339.1111,0.0,339.1111,0.0,0.0,3,1900
8000,8750,10,171,158,171,1.0,1900,348.4444,1900.0,348.4444,0.0,348.4444,0.0,0.0,3,1900
8000,8750,20,161,161,164,0.0,1900,316.0,1900.0,316.0,0.0,316.0,0.0,0.0,3,1900
8000,8750,20,164,161,164,1.0,1900,324.25,1900.0,324.25,0.0,324.25,0.0,0.0,3,1900
10000,8750,-54,146,146,170,0.0,1750,280.5455,1750.0,280.5455,0.0,281.0,0.4545,0.1618,7,arada
10000,8750,-54,151,146,170,0.208,1801,293.4152,1800.0,293.4154,0.0002,294.5714,1.156,0.3924,6,arada
10000,8750,-54,156,146,170,0.417,1794,309.4609,1800.0,309.4667,0.0058,311.4,1.9333,0.6209,6,arada
10000,8750,-54,161,146,170,0.625,1794,327.249,1800.0,327.2583,0.0094,330.4,3.1417,0.9509,6,arada
10000,8750,-54,166,146,170,0.833,1815,347.6835,1812.5,347.6855,0.002,349.7,2.0145,0.5761,8,arada
10000,8750,-54,170,146,170,1.0,1855,364.8147,1850.0,364.8194,0.0047,365.3,0.4806,0.1316,5,arada
10000,8750,-50,147,147,171,0.0,1753,280.3992,1750.0,280.4,0.0008,282.0,1.6,0.5674,7,arada
10000,8750,-50,152,147,171,0.208,1793,294.1684,1787.5,294.1726,0.0042,295.5714,1.3988,0.4733,7,arada
10000,8750,-50,157,147,171,0.417,1790,310.5618,1787.5,310.5625,0.0007,312.4,1.8375,0.5882,7,arada
10000,8750,-50,162,147,171,0.625,1793,328.2877,1787.5,328.2969,0.0091,331.4,3.1031,0.9364,7,arada
10000,8750,-50,167,147,171,0.833,1805,348.9548,1800.0,348.963,0.0082,351.6667,2.7037,0.7688,6,arada
10000,8750,-50,171,147,171,1.0,1823,366.8633,1825.0,366.8646,0.0013,368.5556,1.691,0.4588,7,arada
10000,8750,-40,149,149,173,0.0,1802,282.7552,1800.0,282.7556,0.0004,284.0,1.2444,0.4382,6,arada
10000,8750,-40,154,149,173,0.208,1806,296.0419,1800.0,296.0492,0.0073,297.5714,1.5222,0.5115,6,arada
10000,8750,-40,159,149,173,0.417,1818,312.1276,1812.5,312.1324,0.0048,313.0909,0.9585,0.3061,8,arada
10000,8750,-40,164,149,173,0.625,1840,329.1634,1837.5,329.1642,0.0008,329.9091,0.7449,0.2258,6,arada
10000,8750,-40,169,149,173,0.833,1888,348.6405,1887.5,348.6406,0.0001,348.6667,0.026,0.0075,4,arada
10000,8750,-40,173,149,173,1.0,1900,366.0,1900.0,366.0,0.0,366.0,0.0,0.0,3,1900
10000,8750,-30,151,151,175,0.0,1818,286.3455,1812.5,286.3486,0.0032,287.0,0.6514,0.227,8,arada
10000,8750,-30,156,151,175,0.208,1824,299.0462,1825.0,299.0464,0.0002,299.8571,0.8107,0.2704,7,arada
10000,8750,-30,161,151,175,0.417,1849,314.8281,1850.0,314.8283,0.0002,315.0909,0.2626,0.0833,5,arada
10000,8750,-30,166,151,175,0.625,1861,331.6495,1850.0,331.6717,0.0222,331.9091,0.2374,0.0715,5,arada
10000,8750,-30,171,151,175,0.833,1900,350.6667,1900.0,350.6667,0.0,350.6667,0.0,0.0,3,1900
10000,8750,-30,175,151,175,1.0,1900,368.0,1900.0,368.0,0.0,368.0,0.0,0.0,3,1900
10000,8750,-20,153,153,177,0.0,1810,288.4133,1800.0,288.4321,0.0188,290.0,1.5679,0.5407,6,arada
10000,8750,-20,158,153,177,0.208,1812,300.9458,1800.0,300.9806,0.0348,302.8571,1.8765,0.6196,6,arada
10000,8750,-20,163,153,177,0.417,1853,317.1775,1850.0,317.1796,0.002,317.5455,0.3659,0.1152,5,arada
10000,8750,-20,168,153,177,0.625,1900,333.4545,1900.0,333.4545,0.0,333.4545,0.0,0.0,3,1900
10000,8750,-20,173,153,177,0.833,1900,351.8889,1900.0,351.8889,0.0,351.8889,0.0,0.0,3,1900
10000,8750,-20,177,153,177,1.0,1900,369.6667,1900.0,369.6667,0.0,369.6667,0.0,0.0,3,1900
10000,8750,-10,155,155,179,0.0,1875,293.9583,1875.0,293.9583,0.0,294.0,0.0417,0.0142,5,arada
10000,8750,-10,160,155,179,0.208,1900,307.3333,1900.0,307.3333,0.0,307.3333,0.0,0.0,3,1900
10000,8750,-10,165,155,179,0.417,1900,320.6667,1900.0,320.6667,0.0,320.6667,0.0,0.0,3,1900
10000,8750,-10,170,155,179,0.625,1900,336.6364,1900.0,336.6364,0.0,336.6364,0.0,0.0,3,1900
10000,8750,-10,175,155,179,0.833,1900,354.3636,1900.0,354.3636,0.0,354.3636,0.0,0.0,3,1900
10000,8750,-10,179,155,179,1.0,1900,369.8333,1900.0,369.8333,0.0,369.8333,0.0,0.0,3,1900
10000,8750,0,158,158,174,0.0,1900,298.0,1900.0,298.0,0.0,298.0,0.0,0.0,3,1900
10000,8750,0,163,158,174,0.312,1900,311.6364,1900.0,311.6364,0.0,311.6364,0.0,0.0,3,1900
10000,8750,0,168,158,174,0.625,1900,325.2727,1900.0,325.2727,0.0,325.2727,0.0,0.0,3,1900
10000,8750,0,173,158,174,0.938,1900,342.4,1900.0,342.4,0.0,342.4,0.0,0.0,3,1900
10000,8750,0,174,158,174,1.0,1900,346.0,1900.0,346.0,0.0,346.0,0.0,0.0,3,1900
10000,8750,10,160,160,167,0.0,1890,302.9884,1887.5,302.989,0.0006,303.0,0.011,0.0036,4,arada
10000,8750,10,165,160,167,0.714,1900,314.0,1900.0,314.0,0.0,314.0,0.0,0.0,3,1900
10000,8750,10,167,160,167,1.0,1900,319.7143,1900.0,319.7143,0.0,319.7143,0.0,0.0,3,1900
12000,8750,-54,148,148,174,0.0,1792,272.4132,1787.5,272.4141,0.0009,273.0,0.5859,0.2146,7,arada
12000,8750,-54,153,148,174,0.192,1800,286.4136,1800.0,286.4136,0.0,287.4444,1.0309,0.3586,6,arada
12000,8750,-54,158,148,174,0.385,1809,301.5973,1800.0,301.6099,0.0126,302.8,1.1901,0.393,6,arada
12000,8750,-54,163,148,174,0.577,1851,321.5369,1850.0,321.537,0.0001,321.8,0.263,0.0817,5,arada
12000,8750,-54,168,148,174,0.769,1889,340.8849,1887.5,340.8851,0.0002,340.9,0.0149,0.0044,4,arada
12000,8750,-54,173,148,174,0.962,1873,360.2323,1875.0,360.233,0.0007,360.4,0.167,0.0463,6,arada
12000,8750,-54,174,148,174,1.0,1872,364.0953,1875.0,364.098,0.0027,364.3,0.202,0.0555,6,arada
12000,8750,-50,149,149,175,0.0,1810,272.2907,1800.0,272.2988,0.0081,273.0,0.7012,0.2569,6,arada
12000,8750,-50,154,149,175,0.192,1900,287.4444,1900.0,287.4444,0.0,287.4444,0.0,0.0,3,1900
12000,8750,-50,159,149,175,0.385,1900,302.9,1900.0,302.9,0.0,302.9,0.0,0.0,3,1900
12000,8750,-50,164,149,175,0.577,1900,322.4,1900.0,322.4,0.0,322.4,0.0,0.0,3,1900
12000,8750,-50,169,149,175,0.769,1893,341.7939,1887.5,341.7973,0.0034,341.8,0.0027,0.0008,4,arada
12000,8750,-50,174,149,175,0.962,1885,360.7518,1887.5,360.7529,0.0012,360.8,0.0471,0.013,4,arada
12000,8750,-50,175,149,175,1.0,1884,364.5419,1887.5,364.5441,0.0022,364.6,0.0559,0.0153,4,arada
12000,8750,-40,151,151,177,0.0,1900,276.0,1900.0,276.0,0.0,276.0,0.0,0.0,3,1900
12000,8750,-40,156,151,177,0.192,1839,290.5089,1837.5,290.5092,0.0002,291.0,0.4908,0.1687,6,arada
12000,8750,-40,161,151,177,0.385,1835,306.4041,1837.5,306.4048,0.0008,307.0909,0.6861,0.2234,6,arada
12000,8750,-40,166,151,177,0.577,1865,324.642,1862.5,324.6432,0.0012,324.8182,0.175,0.0539,7,arada
12000,8750,-40,171,151,177,0.769,1900,342.9,1900.0,342.9,0.0,342.9,0.0,0.0,3,1900
12000,8750,-40,176,151,177,0.962,1900,362.4,1900.0,362.4,0.0,362.4,0.0,0.0,3,1900
12000,8750,-40,177,151,177,1.0,1900,366.3,1900.0,366.3,0.0,366.3,0.0,0.0,3,1900
12000,8750,-30,154,154,179,0.0,1891,280.9938,1887.5,280.9944,0.0007,281.0,0.0056,0.002,4,arada
12000,8750,-30,159,154,179,0.2,1833,295.2889,1837.5,295.2917,0.0028,296.0,0.7083,0.2393,6,arada
12000,8750,-30,164,154,179,0.4,1851,312.298,1850.0,312.298,0.0,312.6364,0.3384,0.1082,5,arada
12000,8750,-30,169,154,179,0.6,1895,330.3603,1900.0,330.3636,0.0033,330.3636,0.0,0.0,3,arada
12000,8750,-30,174,154,179,0.8,1900,348.8,1900.0,348.8,0.0,348.8,0.0,0.0,3,1900
12000,8750,-30,179,154,179,1.0,1898,368.2987,1900.0,368.3,0.0013,368.3,0.0,0.0,3,arada
12000,8750,-20,156,156,179,0.0,1835,284.3081,1837.5,284.309,0.0009,285.0,0.691,0.2424,6,arada
12000,8750,-20,161,156,179,0.217,1853,299.235,1850.0,299.2368,0.0018,299.6154,0.3786,0.1263,5,arada
12000,8750,-20,166,156,179,0.435,1893,314.2228,1887.5,314.2274,0.0046,314.2308,0.0034,0.0011,4,arada
12000,8750,-20,171,156,179,0.652,1900,330.0909,1900.0,330.0909,0.0,330.0909,0.0,0.0,3,1900
12000,8750,-20,176,156,179,0.87,1900,347.8182,1900.0,347.8182,0.0,347.8182,0.0,0.0,3,1900
12000,8750,-20,179,156,179,1.0,1900,358.4545,1900.0,358.4545,0.0,358.4545,0.0,0.0,3,1900
12000,8750,-10,159,159,175,0.0,1900,288.0,1900.0,288.0,0.0,288.0,0.0,0.0,3,1900
12000,8750,-10,164,159,175,0.312,1900,303.0,1900.0,303.0,0.0,303.0,0.0,0.0,3,1900
12000,8750,-10,169,159,175,0.625,1900,318.0,1900.0,318.0,0.0,318.0,0.0,0.0,3,1900
12000,8750,-10,174,159,175,0.938,1900,335.1,1900.0,335.1,0.0,335.1,0.0,0.0,3,1900
12000,8750,-10,175,159,175,1.0,1900,338.8,1900.0,338.8,0.0,338.8,0.0,0.0,3,1900
12000,8750,0,161,161,169,0.0,1900,293.0,1900.0,293.0,0.0,293.0,0.0,0.0,3,1900
12000,8750,0,166,161,169,0.625,1900,303.8333,1900.0,303.8333,0.0,303.8333,0.0,0.0,3,1900
12000,8750,0,169,161,169,1.0,1900,312.75,1900.0,312.75,0.0,312.75,0.0,0.0,3,1900
14000,8750,-54,148,148,178,0.0,1782,259.8393,1787.5,259.8437,0.0045,262.0,2.1562,0.823,7,arada
14000,8750,-54,153,148,178,0.167,1795,275.1629,1800.0,275.1667,0.0038,276.5833,1.4167,0.5122,6,arada
14000,8750,-54,158,148,178,0.333,1818,290.0551,1812.5,290.0608,0.0057,291.1667,1.1059,0.3798,8,arada
14000,8750,-54,163,148,178,0.5,1842,307.121,1837.5,307.1237,0.0027,307.6364,0.5126,0.1666,6,arada
14000,8750,-54,168,148,178,0.667,1859,325.0201,1850.0,325.0354,0.0152,325.3636,0.3283,0.1009,5,arada
14000,8750,-54,173,148,178,0.833,1896,344.3961,1900.0,344.4,0.0039,344.4,0.0,0.0,3,arada
14000,8750,-54,178,148,178,1.0,1900,365.4,1900.0,365.4,0.0,365.4,0.0,0.0,3,1900
14000,8750,-50,150,150,179,0.0,1889,263.989,1887.5,263.9893,0.0003,264.0,0.0107,0.004,4,arada
14000,8750,-50,155,150,179,0.172,1848,279.064,1850.0,279.0645,0.0005,279.4545,0.3901,0.1396,5,arada
14000,8750,-50,160,150,179,0.345,1827,293.7098,1825.0,293.7111,0.0013,294.9091,1.198,0.4062,7,arada
14000,8750,-50,165,150,179,0.517,1839,310.9579,1837.5,310.9585,0.0006,311.8182,0.8597,0.2757,6,arada
14000,8750,-50,170,150,179,0.69,1854,328.5704,1850.0,328.5752,0.0048,329.0909,0.5157,0.1567,5,arada
14000,8750,-50,175,150,179,0.862,1891,348.5789,1887.5,348.5809,0.0021,348.6,0.0191,0.0055,4,arada
14000,8750,-50,179,150,179,1.0,1900,365.4,1900.0,365.4,0.0,365.4,0.0,0.0,3,1900
14000,8750,-40,153,153,181,0.0,1839,268.4065,1837.5,268.4068,0.0003,269.0,0.5932,0.2205,6,arada
14000,8750,-40,158,153,181,0.179,1804,283.7563,1800.0,283.7596,0.0033,286.0,2.2404,0.7834,6,arada
14000,8750,-40,163,153,181,0.357,1837,300.1672,1837.5,300.1673,0.0001,301.0,0.8327,0.2766,6,arada
14000,8750,-40,168,153,181,0.536,1872,315.8262,1875.0,315.8287,0.0025,316.0,0.1713,0.0542,6,arada
14000,8750,-40,173,153,181,0.714,1900,334.6,1900.0,334.6,0.0,334.6,0.0,0.0,3,1900
14000,8750,-40,178,153,181,0.893,1900,354.1,1900.0,354.1,0.0,354.1,0.0,0.0,3,1900
14000,8750,-40,181,153,181,1.0,1900,367.3333,1900.0,367.3333,0.0,367.3333,0.0,0.0,3,1900
14000,8750,-30,156,156,179,0.0,1900,273.0,1900.0,273.0,0.0,273.0,0.0,0.0,3,1900
14000,8750,-30,161,156,179,0.217,1900,288.0,1900.0,288.0,0.0,288.0,0.0,0.0,3,1900
14000,8750,-30,166,156,179,0.435,1900,303.6364,1900.0,303.6364,0.0,303.6364,0.0,0.0,3,1900
14000,8750,-30,171,156,179,0.652,1900,321.8182,1900.0,321.8182,0.0,321.8182,0.0,0.0,3,1900
14000,8750,-30,176,156,179,0.87,1897,339.9977,1900.0,340.0,0.0023,340.0,0.0,0.0,3,arada
14000,8750,-30,179,156,179,1.0,1900,351.3333,1900.0,351.3333,0.0,351.3333,0.0,0.0,3,1900
14000,8750,-20,158,158,175,0.0,1846,277.5536,1850.0,277.5556,0.002,278.0,0.4444,0.1599,5,arada
14000,8750,-20,163,158,175,0.294,1900,291.2308,1900.0,291.2308,0.0,291.2308,0.0,0.0,3,1900
14000,8750,-20,168,158,175,0.588,1899,306.6154,1900.0,306.6154,0.0,306.6154,0.0,0.0,3,arada
14000,8750,-20,173,158,175,0.882,1897,321.9979,1900.0,322.0,0.0021,322.0,0.0,0.0,3,arada
14000,8750,-20,175,158,175,1.0,1900,329.5,1900.0,329.5,0.0,329.5,0.0,0.0,3,1900
14000,8750,-10,161,161,171,0.0,1900,281.0,1900.0,281.0,0.0,281.0,0.0,0.0,3,1900
14000,8750,-10,166,161,171,0.5,1900,296.7143,1900.0,296.7143,0.0,296.7143,0.0,0.0,3,1900
14000,8750,-10,171,161,171,1.0,1900,312.0,1900.0,312.0,0.0,312.0,0.0,0.0,3,1900
14000,8750,0,164,164,164,0.0,1900,287.0,1900.0,287.0,0.0,287.0,0.0,0.0,3,1900
16000,8750,-54,148,148,181,0.0,1900,251.0,1900.0,251.0,0.0,251.0,0.0,0.0,3,1900
16000,8750,-54,153,148,181,0.152,1900,264.8889,1900.0,264.8889,0.0,264.8889,0.0,0.0,3,1900
16000,8750,-54,158,148,181,0.303,1900,279.0,1900.0,279.0,0.0,279.0,0.0,0.0,3,1900
16000,8750,-54,163,148,181,0.455,1900,294.0,1900.0,294.0,0.0,294.0,0.0,0.0,3,1900
16000,8750,-54,168,148,181,0.606,1900,309.0,1900.0,309.0,0.0,309.0,0.0,0.0,3,1900
16000,8750,-54,173,148,181,0.758,1900,327.9,1900.0,327.9,0.0,327.9,0.0,0.0,3,1900
16000,8750,-54,178,148,181,0.909,1900,349.4,1900.0,349.4,0.0,349.4,0.0,0.0,3,1900
16000,8750,-54,181,148,181,1.0,1900,362.0,1900.0,362.0,0.0,362.0,0.0,0.0,3,1900
16000,8750,-50,149,149,182,0.0,1900,252.0,1900.0,252.0,0.0,252.0,0.0,0.0,3,1900
16000,8750,-50,154,149,182,0.152,1900,265.8889,1900.0,265.8889,0.0,265.8889,0.0,0.0,3,1900
16000,8750,-50,159,149,182,0.303,1886,279.9744,1887.5,279.9747,0.0003,280.0,0.0253,0.009,4,arada
16000,8750,-50,164,149,182,0.455,1900,295.0,1900.0,295.0,0.0,295.0,0.0,0.0,3,1900
16000,8750,-50,169,149,182,0.606,1900,310.0,1900.0,310.0,0.0,310.0,0.0,0.0,3,1900
16000,8750,-50,174,149,182,0.758,1900,328.9,1900.0,328.9,0.0,328.9,0.0,0.0,3,1900
16000,8750,-50,179,149,182,0.909,1900,350.4,1900.0,350.4,0.0,350.4,0.0,0.0,3,1900
16000,8750,-50,182,149,182,1.0,1900,363.0,1900.0,363.0,0.0,363.0,0.0,0.0,3,1900
16000,8750,-40,152,152,179,0.0,1896,256.9976,1900.0,257.0,0.0024,257.0,0.0,0.0,3,arada
16000,8750,-40,157,152,179,0.185,1897,270.6656,1900.0,270.6667,0.0011,270.6667,0.0,0.0,3,arada
16000,8750,-40,162,152,179,0.37,1900,284.3333,1900.0,284.3333,0.0,284.3333,0.0,0.0,3,1900
16000,8750,-40,167,152,179,0.556,1900,298.0,1900.0,298.0,0.0,298.0,0.0,0.0,3,1900
16000,8750,-40,172,152,179,0.741,1900,316.1818,1900.0,316.1818,0.0,316.1818,0.0,0.0,3,1900
16000,8750,-40,177,152,179,0.926,1900,334.3636,1900.0,334.3636,0.0,334.3636,0.0,0.0,3,1900
16000,8750,-40,179,152,179,1.0,1900,341.8571,1900.0,341.8571,0.0,341.8571,0.0,0.0,3,1900
16000,8750,-30,155,155,175,0.0,1900,262.0,1900.0,262.0,0.0,262.0,0.0,0.0,3,1900
16000,8750,-30,160,155,175,0.25,1900,276.1667,1900.0,276.1667,0.0,276.1667,0.0,0.0,3,1900
16000,8750,-30,165,155,175,0.5,1900,290.4286,1900.0,290.4286,0.0,290.4286,0.0,0.0,3,1900
16000,8750,-30,170,155,175,0.75,1900,304.7143,1900.0,304.7143,0.0,304.7143,0.0,0.0,3,1900
16000,8750,-30,175,155,175,1.0,1900,319.0,1900.0,319.0,0.0,319.0,0.0,0.0,3,1900
16000,8750,-20,157,157,171,0.0,1900,266.0,1900.0,266.0,0.0,266.0,0.0,0.0,3,1900
16000,8750,-20,162,157,171,0.357,1856,279.0189,1850.0,279.0279,0.0089,279.4615,0.4337,0.1552,5,arada
16000,8750,-20,167,157,171,0.714,1900,292.9231,1900.0,292.9231,0.0,292.9231,0.0,0.0,3,1900
16000,8750,-20,171,157,171,1.0,1900,304.0,1900.0,304.0,0.0,304.0,0.0,0.0,3,1900
16000,8750,-10,160,160,165,0.0,1900,270.0,1900.0,270.0,0.0,270.0,0.0,0.0,3,1900
16000,8750,-10,165,160,165,1.0,1900,284.0909,1900.0,284.0909,0.0,284.0909,0.0,0.0,3,1900
18000,8750,-54,150,150,177,0.0,1900,249.0,1900.0,249.0,0.0,249.0,0.0,0.0,3,1900
18000,8750,-54,155,150,177,0.185,1900,262.0,1900.0,262.0,0.0,262.0,0.0,0.0,3,1900
18000,8750,-54,160,150,177,0.37,1900,275.0,1900.0,275.0,0.0,275.0,0.0,0.0,3,1900
18000,8750,-54,165,150,177,0.556,1900,289.6429,1900.0,289.6429,0.0,289.6429,0.0,0.0,3,1900
18000,8750,-54,170,150,177,0.741,1900,304.2857,1900.0,304.2857,0.0,304.2857,0.0,0.0,3,1900
18000,8750,-54,175,150,177,0.926,1900,319.8889,1900.0,319.8889,0.0,319.8889,0.0,0.0,3,1900
18000,8750,-54,177,150,177,1.0,1900,327.6667,1900.0,327.6667,0.0,327.6667,0.0,0.0,3,1900
18000,8750,-50,151,151,178,0.0,1900,250.0,1900.0,250.0,0.0,250.0,0.0,0.0,3,1900
18000,8750,-50,156,151,178,0.185,1900,263.0,1900.0,263.0,0.0,263.0,0.0,0.0,3,1900
18000,8750,-50,161,151,178,0.37,1866,275.8159,1862.5,275.8182,0.0023,276.0,0.1818,0.0659,7,arada
18000,8750,-50,166,151,178,0.556,1880,291.6997,1875.0,291.7042,0.0045,291.7692,0.065,0.0223,5,arada
18000,8750,-50,171,151,178,0.741,1890,307.5193,1887.5,307.5206,0.0013,307.5385,0.0178,0.0058,4,arada
18000,8750,-50,176,151,178,0.926,1900,324.0,1900.0,324.0,0.0,324.0,0.0,0.0,3,1900
18000,8750,-50,178,151,178,1.0,1900,331.0,1900.0,331.0,0.0,331.0,0.0,0.0,3,1900
18000,8750,-40,152,152,174,0.0,1882,250.9578,1887.5,250.9618,0.004,251.0,0.0382,0.0152,4,arada
18000,8750,-40,157,152,174,0.227,1874,264.2124,1875.0,264.2125,0.0,264.3125,0.1,0.0378,6,arada
18000,8750,-40,162,152,174,0.455,1900,276.5,1900.0,276.5,0.0,276.5,0.0,0.0,3,1900
18000,8750,-40,167,152,174,0.682,1900,288.6875,1900.0,288.6875,0.0,288.6875,0.0,0.0,3,1900
18000,8750,-40,172,152,174,0.909,1900,303.2,1900.0,303.2,0.0,303.2,0.0,0.0,3,1900
18000,8750,-40,174,152,174,1.0,1900,310.4,1900.0,310.4,0.0,310.4,0.0,0.0,3,1900
18000,8750,-30,155,155,170,0.0,1900,256.0,1900.0,256.0,0.0,256.0,0.0,0.0,3,1900
18000,8750,-30,160,155,170,0.333,1900,268.2222,1900.0,268.2222,0.0,268.2222,0.0,0.0,3,1900
18000,8750,-30,165,155,170,0.667,1900,280.8333,1900.0,280.8333,0.0,280.8333,0.0,0.0,3,1900
18000,8750,-30,170,155,170,1.0,1900,295.0,1900.0,295.0,0.0,295.0,0.0,0.0,3,1900
18000,8750,-20,158,158,165,0.0,1900,260.0,1900.0,260.0,0.0,260.0,0.0,0.0,3,1900
18000,8750,-20,163,158,165,0.714,1900,273.0769,1900.0,273.0769,0.0,273.0769,0.0,0.0,3,1900
18000,8750,-20,165,158,165,1.0,1900,278.3077,1900.0,278.3077,0.0,278.3077,0.0,0.0,3,1900
20000,8750,-54,154,154,172,0.0,1900,250.0,1900.0,250.0,0.0,250.0,0.0,0.0,3,1900
20000,8750,-54,159,154,172,0.278,1872,265.1485,1875.0,265.1493,0.0008,265.25,0.1007,0.038,6,arada
20000,8750,-54,164,154,172,0.556,1872,277.9256,1875.0,277.9276,0.002,278.0625,0.1349,0.0485,6,arada
20000,8750,-54,169,154,172,0.833,1900,290.875,1900.0,290.875,0.0,290.875,0.0,0.0,3,1900
20000,8750,-54,172,154,172,1.0,1900,299.2857,1900.0,299.2857,0.0,299.2857,0.0,0.0,3,1900
20000,8750,-50,154,154,172,0.0,1900,251.0,1900.0,251.0,0.0,251.0,0.0,0.0,3,1900
20000,8750,-50,159,154,172,0.278,1900,262.6875,1900.0,262.6875,0.0,262.6875,0.0,0.0,3,1900
20000,8750,-50,164,154,172,0.556,1859,275.0774,1850.0,275.096,0.0186,275.5,0.404,0.1467,5,arada
20000,8750,-50,169,154,172,0.833,1900,288.3125,1900.0,288.3125,0.0,288.3125,0.0,0.0,3,1900
20000,8750,-50,172,154,172,1.0,1900,296.0,1900.0,296.0,0.0,296.0,0.0,0.0,3,1900
20000,8750,-40,157,157,168,0.0,1900,255.0,1900.0,255.0,0.0,255.0,0.0,0.0,3,1900
20000,8750,-40,162,157,168,0.455,1900,266.6667,1900.0,266.6667,0.0,266.6667,0.0,0.0,3,1900
20000,8750,-40,167,157,168,0.909,1900,278.8889,1900.0,278.8889,0.0,278.8889,0.0,0.0,3,1900
20000,8750,-40,168,157,168,1.0,1900,281.7778,1900.0,281.7778,0.0,281.7778,0.0,0.0,3,1900
20000,8750,-30,160,160,163,0.0,1900,260.0,1900.0,260.0,0.0,260.0,0.0,0.0,3,1900
20000,8750,-30,163,160,163,1.0,1900,267.2,1900.0,267.2,0.0,267.2,0.0,0.0,3,1900
22000,8300,-54,156,156,168,0.0,1900,240.0,1900.0,240.0,0.0,240.0,0.0,0.0,3,1900
22000,8300,-54,161,156,168,0.417,1877,252.9044,1875.0,252.9049,0.0004,253.0,0.0951,0.0376,5,arada
22000,8300,-54,166,156,168,0.833,1900,266.2143,1900.0,266.2143,0.0,266.2143,0.0,0.0,3,1900
22000,8300,-54,168,156,168,1.0,1900,271.5,1900.0,271.5,0.0,271.5,0.0,0.0,3,1900
22000,8300,-50,156,156,169,0.0,1900,241.0,1900.0,241.0,0.0,241.0,0.0,0.0,3,1900
22000,8300,-50,161,156,169,0.385,1900,251.0,1900.0,251.0,0.0,251.0,0.0,0.0,3,1900
22000,8300,-50,166,156,169,0.769,1900,264.1429,1900.0,264.1429,0.0,264.1429,0.0,0.0,3,1900
22000,8300,-50,169,156,169,1.0,1900,272.5,1900.0,272.5,0.0,272.5,0.0,0.0,3,1900
22000,8300,-40,159,159,164,0.0,1900,245.0,1900.0,245.0,0.0,245.0,0.0,0.0,3,1900
22000,8300,-40,164,159,164,1.0,1900,257.0833,1900.0,257.0833,0.0,257.0833,0.0,0.0,3,1900
24000,7800,-54,157,157,165,0.0,1900,228.0,1900.0,228.0,0.0,228.0,0.0,0.0,3,1900
24000,7800,-54,162,157,165,0.625,1900,239.1538,1900.0,239.1538,0.0,239.1538,0.0,0.0,3,1900
24000,7800,-54,165,157,165,1.0,1900,246.3077,1900.0,246.3077,0.0,246.3077,0.0,0.0,3,1900
24000,7800,-50,159,159,166,0.0,1900,231.0,1900.0,231.0,0.0,231.0,0.0,0.0,3,1900
24000,7800,-50,164,159,166,0.714,1900,243.1429,1900.0,243.1429,0.0,243.1429,0.0,0.0,3,1900
24000,7800,-50,166,159,166,1.0,1900,248.0,1900.0,248.0,0.0,248.0,0.0,0.0,3,1900
24000,7800,-40,160,160,161,0.0,1900,232.0,1900.0,232.0,0.0,232.0,0.0,0.0,3,1900
24000,7800,-40,161,160,161,1.0,1900,234.125,1900.0,234.125,0.0,234.125,0.0,0.0,3,1900
